
INSERT INTO `branchoffices` (`id`, `country`, `createdAt`, `updatedAt`) VALUES
(1, 'Colombia', '2023-07-28 17:57:18', '2023-07-28 17:57:18'),
(2, 'Chile', '2023-07-28 17:57:28', '2023-07-28 17:57:28'),
(3, 'Ecuador', '2023-07-28 17:57:32', '2023-07-28 17:57:32'),
(4, 'perú', '2023-07-28 17:57:36', '2023-07-28 17:57:36'),
(5, 'México', '2023-07-28 17:57:49', '2023-07-28 17:57:49'),
(6, 'Brasil', '2023-07-28 17:57:56', '2023-07-28 17:57:56'),
(7, 'Paraguay', '2023-07-28 17:58:18', '2023-07-28 17:58:18'),
(8, 'Argentina', '2023-07-28 17:58:26', '2023-07-28 17:58:26'),
(9, 'Venezuela', '2023-07-28 17:58:33', '2023-07-28 17:58:33'),
(10, 'Costa Rica', '2023-07-28 17:59:03', '2023-07-28 17:59:03');


INSERT INTO `categories` (`id`, `name`, `createdAt`, `updatedAt`) VALUES
(1, 'Lacteos', '2023-07-28 18:01:02', '2023-07-28 18:01:02'),
(2, 'Bebidas', '2023-07-28 18:01:07', '2023-07-28 18:01:07'),
(3, 'Cárnicos ', '2023-07-28 18:01:36', '2023-07-28 18:01:36'),
(4, 'Maternidad', '2023-07-28 18:01:54', '2023-07-28 18:01:54'),
(5, 'Electrónico', '2023-07-28 18:02:10', '2023-07-28 19:24:59'),
(6, 'Cuidado Personal', '2023-07-28 18:02:23', '2023-07-28 18:02:23'),
(7, 'Mascotas', '2023-07-28 18:02:28', '2023-07-28 18:02:28'),
(8, 'Limpieza', '2023-07-28 18:02:32', '2023-07-28 18:02:32'),
(9, 'Despensa', '2023-07-28 18:02:46', '2023-07-28 18:02:46'),
(10, 'Hogar', '2023-07-28 18:02:59', '2023-07-28 18:02:59'),
(11, 'Enlatados', '2023-07-28 18:03:14', '2023-07-28 18:03:14'),
(12, 'Botanas', '2023-07-28 18:03:19', '2023-07-28 18:03:19'),
(13, 'Frutas y verduras', '2023-07-28 18:03:25', '2023-07-28 18:03:25'),
(14, 'Confitería', '2023-07-28 18:03:37', '2023-07-28 18:03:37'),
(15, 'Zapatos', '2023-07-28 18:03:44', '2023-07-28 18:03:44'),
(16, 'Ropa', '2023-07-28 18:03:56', '2023-07-28 18:03:56'),
(17, 'Deportes', '2023-07-28 18:04:21', '2023-07-28 18:04:21');

INSERT INTO `customers` (`id`, `rut`, `name`, `lastname`, `address`, `cellphone`, `createdAt`, `updatedAt`) VALUES
(1, '12345678-a', 'Welker', 'Pérez', 'Calle 63# 30-64 Bucaramanga Conucos', '3213655354', '2023-07-28 16:55:13', '2023-07-28 16:55:13'),
(2, '87654321-b', 'John', 'Doe', '123 Main Street', '555-1234', '2023-07-28 16:59:27', '2023-07-28 16:59:27'),
(3, '65432198-c', 'Jane', 'Smith', '456 Elm Avenue', '555-5678', '2023-07-28 16:59:44', '2023-07-28 16:59:44'),
(4, '87654321-d', 'Michael', 'Johnson', '789 Oak Road', '555-9876', '2023-07-28 16:59:53', '2023-07-28 16:59:53'),
(5, '56789012-e', 'Emily', 'Brown', '321 Pine Street', '555-4321', '2023-07-28 17:00:03', '2023-07-28 17:00:03'),
(6, '34567890-f', 'David', 'Lee', '543 Maple Drive', '555-8765', '2023-07-28 17:00:11', '2023-07-28 17:00:11'),
(7, '56789012-g', 'Sarah', 'Wang', '987 Cedar Lane', '555-2345', '2023-07-28 17:00:18', '2023-07-28 17:00:18'),
(8, '45678901-h', 'Michael', 'Garcia', '654 Birch Court', '555-6789', '2023-07-28 17:00:31', '2023-07-28 17:00:31'),
(9, '12345678-i', 'Jessica', 'Lopez', '876 Elm Street', '555-3456', '2023-07-28 17:00:39', '2023-07-28 17:00:39'),
(10, '98765432-j', 'Matthew', 'Martinez', '234 Oak Avenue', '555-7890', '2023-07-28 17:00:47', '2023-07-28 17:00:47'),
(11, '76543210-k', 'Jennifer', 'Miller', '876 Pine Road', '555-5432', '2023-07-28 17:00:58', '2023-07-28 17:00:58'),
(12, '76543220-k', 'Jenni', 'Miller', '876 Pine Road', '555-5432', '2023-07-28 17:01:54', '2023-07-28 17:01:54'),
(14, '76543225-k', 'Jeff', 'Killer', '876 Pine Road', '555-5432', '2023-07-28 17:02:13', '2023-07-28 17:02:13'),
(15, '4001168906', 'Christi Joyner', 'Fischer Hendricks', '43 Crystal Street, Dunlo, Tennessee, 8098', '+1(952) 588-2279', '2023-07-28 17:26:08', '2023-07-28 17:26:08'),
(16, '6263002926', 'Dona Walker', 'Horne Maldonado', '11 Dumont Avenue, Springville, New York, 3012', '+1(983) 406-3700', '2023-07-28 17:26:08', '2023-07-28 17:26:08'),
(17, '5260571649', 'Briana Carroll', 'Mcfarland Bright', '67 Ivan Court, Kimmell, Rhode Island, 735', '+1(996) 589-2223', '2023-07-28 17:26:08', '2023-07-28 17:26:08'),
(18, '9672622802', 'Concepcion Fletcher', 'Miles Ratliff', '34 Macon Street, Edinburg, Indiana, 2803', '+1(912) 524-3540', '2023-07-28 17:26:08', '2023-07-28 17:26:08'),
(19, '7668237238', 'Wooten Murphy', 'Lynch Cole', '75 Ryder Avenue, Makena, Alabama, 5112', '+1(893) 433-2780', '2023-07-28 17:26:08', '2023-07-28 17:26:08'),
(20, '6294641391', 'Jewell Rosales', 'Mcdaniel Knight', '83 Midwood Street, Collins, Texas, 2244', '+1(850) 598-3934', '2023-07-28 17:26:08', '2023-07-28 17:26:08'),
(21, '9441102439', 'Carpenter Robinson', 'Staci Dixon', '27 Montague Street, Allentown, Washington, 7209', '+1(918) 557-3169', '2023-07-28 17:26:08', '2023-07-28 17:26:08'),
(22, '2546150817', 'Adriana Mcneil', 'Tara Hudson', '91 Suydam Place, Sims, Utah, 947', '+1(992) 479-3075', '2023-07-28 17:26:08', '2023-07-28 17:26:08'),
(23, '6970308266', 'Boone Petty', 'Fleming Flynn', '17 Powell Street, Smeltertown, California, 9942', '+1(883) 549-3033', '2023-07-28 17:26:08', '2023-07-28 17:26:08'),
(24, '4561000237', 'Myrna Hurst', 'Terri Wooten', '71 Seigel Street, Tioga, Arkansas, 4987', '+1(836) 516-3707', '2023-07-28 17:26:08', '2023-07-28 17:26:08'),
(25, '3017282508', 'Ana Shaffer', 'Caroline Guzman', '30 Bergen Street, Sunnyside, Northern Mariana Islands, 3377', '+1(903) 429-2196', '2023-07-28 17:26:08', '2023-07-28 17:26:08'),
(26, '964227248', 'Dollie Decker', 'Ann Fuentes', '8 Lester Court, Rockingham, Georgia, 4085', '+1(966) 442-3168', '2023-07-28 17:26:08', '2023-07-28 17:26:08'),
(27, '3229206732', 'Cote Buckley', 'Augusta Raymond', '59 Wolcott Street, Columbus, Virginia, 5957', '+1(960) 506-2484', '2023-07-28 17:26:08', '2023-07-28 17:26:08'),
(28, '3205311203', 'Maxine Peters', 'Estrada Bryant', '86 Prospect Avenue, Bellamy, Wyoming, 3746', '+1(974) 591-3943', '2023-07-28 17:26:08', '2023-07-28 17:26:08'),
(29, '9784572081', 'Rodriguez Singleton', 'Stevens Aguilar', '75 Arlington Place, Derwood, Guam, 7245', '+1(876) 565-2076', '2023-07-28 17:26:08', '2023-07-28 17:26:08'),
(30, '5525961327', 'Dionne Atkins', 'Vega Oneill', '76 Fairview Place, Manitou, District Of Columbia, 5654', '+1(930) 534-3859', '2023-07-28 17:26:08', '2023-07-28 17:26:08'),
(31, '4348939848', 'Rosario Allison', 'Gabrielle Rasmussen', '17 Devon Avenue, Elizaville, Connecticut, 9115', '+1(852) 457-3951', '2023-07-28 17:26:08', '2023-07-28 17:26:08'),
(32, '9372480554', 'Tate Holcomb', 'Heath Lloyd', '61 Chapel Street, Northchase, Kentucky, 7021', '+1(882) 468-3621', '2023-07-28 17:26:08', '2023-07-28 17:26:08'),
(33, '7824485677', 'Sybil Mosley', 'Foster Patterson', '20 Mermaid Avenue, Wheaton, North Carolina, 7691', '+1(979) 538-3543', '2023-07-28 17:26:08', '2023-07-28 17:26:08'),
(34, '3977295238', 'Frederick Evans', 'Farmer Thomas', '27 Ridgewood Place, Haena, New Hampshire, 7007', '+1(852) 586-2375', '2023-07-28 17:26:08', '2023-07-28 17:26:08'),
(35, '6958308744', 'Virginia Shelton', 'Phyllis Noble', '99 Pilling Street, Albany, Nebraska, 3127', '+1(932) 589-3527', '2023-07-28 17:26:08', '2023-07-28 17:26:08'),
(36, '2343496129', 'Phelps Cotton', 'Rebecca Sloan', '95 Dahl Court, Gilmore, Federated States Of Micronesia, 2405', '+1(869) 584-3506', '2023-07-28 17:26:08', '2023-07-28 17:26:08'),
(37, '3475544990', 'Audra Taylor', 'Bethany Ramsey', '17 Willow Street, Mooresburg, Hawaii, 1721', '+1(991) 465-3568', '2023-07-28 17:26:08', '2023-07-28 17:26:08'),
(38, '1990154580', 'Moss Mcfarland', 'Pruitt Hernandez', '22 Ira Court, Romeville, Nevada, 8876', '+1(815) 432-2427', '2023-07-28 17:26:08', '2023-07-28 17:26:08'),
(39, '5121463074', 'Myers Roberson', 'Snyder Carpenter', '83 Schenck Street, Rose, Maine, 6571', '+1(901) 527-3042', '2023-07-28 17:26:08', '2023-07-28 17:26:08'),
(40, '6097926772', 'Davis Benjamin', 'Carter Carver', '31 Bushwick Avenue, Calvary, Illinois, 5079', '+1(970) 530-2761', '2023-07-28 17:26:08', '2023-07-28 17:26:08'),
(41, '4619141453', 'Mildred Stein', 'Valencia Rogers', '64 Hazel Court, Bennett, South Dakota, 7628', '+1(937) 546-2516', '2023-07-28 17:26:08', '2023-07-28 17:26:08'),
(42, '6372206630', 'Aline Buck', 'Finch Carrillo', '23 Harden Street, Thermal, Massachusetts, 5737', '+1(994) 425-3956', '2023-07-28 17:26:08', '2023-07-28 17:26:08'),
(43, '5036933845', 'Dena Roy', 'Welch Langley', '80 Wythe Place, Loyalhanna, Oregon, 7510', '+1(914) 567-3563', '2023-07-28 17:26:08', '2023-07-28 17:26:08'),
(44, '1708334950', 'Graciela Berry', 'Huffman Franks', '3 Debevoise Avenue, Joes, Iowa, 2109', '+1(872) 538-2264', '2023-07-28 17:26:08', '2023-07-28 17:26:08'),
(45, '4725274933', 'Watson Stanton', 'Hillary Ward', '45 Hausman Street, Kersey, Michigan, 6617', '+1(920) 462-2820', '2023-07-28 17:26:08', '2023-07-28 17:26:08'),
(46, '2922679507', 'Joann Hogan', 'Sweeney Clemons', '70 George Street, Coral, Ohio, 1835', '+1(917) 425-3743', '2023-07-28 17:26:08', '2023-07-28 17:26:08'),
(47, '8721004869', 'Reese Higgins', 'Perkins Carey', '72 Rewe Street, Norvelt, Palau, 2766', '+1(936) 493-2020', '2023-07-28 17:26:08', '2023-07-28 17:26:08'),
(48, '7805624838', 'Nettie Dudley', 'Mcneil Dale', '12 Concord Street, Floriston, Arizona, 7214', '+1(898) 564-3030', '2023-07-28 17:26:08', '2023-07-28 17:26:08'),
(49, '2374135772', 'Patty Goff', 'Cora Shannon', '32 Gunnison Court, Venice, North Dakota, 103', '+1(992) 495-2047', '2023-07-28 17:26:08', '2023-07-28 17:26:08'),
(50, '9987898485', 'Josie Crane', 'Deana Hicks', '62 Williams Court, Deltaville, Virgin Islands, 4007', '+1(831) 471-2265', '2023-07-28 17:26:08', '2023-07-28 17:26:08'),
(51, '1910490133', 'Fernandez Young', 'Natalia Stevens', '66 Montauk Avenue, Tedrow, Pennsylvania, 3897', '+1(966) 400-2922', '2023-07-28 17:26:08', '2023-07-28 17:26:08'),
(52, '9496453430', 'Ray Lewis', 'Misty Atkinson', '99 Herkimer Place, Fairmount, Minnesota, 1461', '+1(869) 548-3628', '2023-07-28 17:26:08', '2023-07-28 17:26:08'),
(53, '7500969978', 'Bullock Macdonald', 'Clay Herrera', '21 Hutchinson Court, Wells, West Virginia, 1492', '+1(994) 476-3550', '2023-07-28 17:26:08', '2023-07-28 17:26:08'),
(54, '9865224781', 'Esmeralda Stephenson', 'Karen Pickett', '88 Oak Street, Ruffin, New Jersey, 7675', '+1(807) 576-3509', '2023-07-28 17:26:08', '2023-07-28 17:26:08'),
(55, '6106784126', 'Kelli Rose', 'Beverly Miller', '37 Bay Avenue, Conestoga, Florida, 9098', '+1(903) 431-2362', '2023-07-28 17:26:08', '2023-07-28 17:26:08'),
(56, '9720681836', 'Marina Riddle', 'Elisabeth Craig', '29 Robert Street, Harrison, Puerto Rico, 4928', '+1(827) 538-3846', '2023-07-28 17:26:08', '2023-07-28 17:26:08'),
(57, '1908386289', 'Douglas Freeman', 'Ernestine Hammond', '25 Woodrow Court, Hatteras, Marshall Islands, 6361', '+1(870) 455-3127', '2023-07-28 17:26:08', '2023-07-28 17:26:08'),
(58, '7700818867', 'Juarez Patton', 'Chambers Kaufman', '47 Withers Street, Coldiron, Missouri, 5898', '+1(801) 448-2440', '2023-07-28 17:26:08', '2023-07-28 17:26:08'),
(59, '2764280143', 'Mcintyre Giles', 'Brennan Guerrero', '49 Prince Street, Camino, Colorado, 1926', '+1(856) 484-2271', '2023-07-28 17:26:08', '2023-07-28 17:26:08'),
(60, '9487121978', 'Merrill Hendrix', 'England Hoffman', '45 Court Square, Libertytown, American Samoa, 4987', '+1(892) 401-3880', '2023-07-28 17:26:08', '2023-07-28 17:26:08'),
(61, '4689365080', 'Joni Barrera', 'Jean Bray', '99 Erasmus Street, Wollochet, Kansas, 8778', '+1(990) 491-2653', '2023-07-28 17:26:08', '2023-07-28 17:26:08'),
(62, '8587815731', 'Elise Stone', 'Rosalinda Duran', '98 Tapscott Avenue, Guthrie, South Carolina, 3100', '+1(965) 435-3337', '2023-07-28 17:26:08', '2023-07-28 17:26:08'),
(63, '3034240091', 'Trudy Michael', 'Dale Mcmillan', '32 Monroe Street, Yardville, Oklahoma, 7349', '+1(918) 563-3684', '2023-07-28 17:26:08', '2023-07-28 17:26:08'),
(64, '6979748804', 'Mcdowell Glass', 'Katelyn Kemp', '5 Whitney Avenue, Cassel, Vermont, 2429', '+1(880) 558-2245', '2023-07-28 17:26:08', '2023-07-28 17:26:08'),
(65, '2152509549', 'Rosales Gonzalez', 'Stanley Phelps', '95 Hubbard Place, Elliott, Idaho, 7473', '+1(976) 524-3268', '2023-07-28 17:26:08', '2023-07-28 17:26:08'),
(66, '8703313933', 'Isabel Murray', 'Kaitlin Sullivan', '90 Clymer Street, Welch, Delaware, 8800', '+1(900) 460-2299', '2023-07-28 17:26:08', '2023-07-28 17:26:08'),
(67, '3350148493', 'Angel Leach', 'Leah Willis', '92 Norwood Avenue, Windsor, Alaska, 7228', '+1(887) 495-2606', '2023-07-28 17:26:08', '2023-07-28 17:26:08'),
(68, '9828259664', 'Lloyd King', 'Alisa Guerra', '69 Main Street, Savage, Louisiana, 6415', '+1(868) 600-3323', '2023-07-28 17:26:08', '2023-07-28 17:26:08'),
(69, '1891340499', 'Jocelyn Guy', 'Sheree Ayers', '68 Dearborn Court, Watrous, Maryland, 6296', '+1(957) 579-3690', '2023-07-28 17:26:08', '2023-07-28 17:26:08'),
(70, '3000217014', 'Alissa Kent', 'White Vang', '67 Fair Street, Omar, Mississippi, 3650', '+1(891) 586-3165', '2023-07-28 17:26:08', '2023-07-28 17:26:08'),
(71, '6121116746', 'Carol Richardson', 'Coffey Farmer', '48 Ruby Street, Biehle, Wisconsin, 4298', '+1(898) 430-3508', '2023-07-28 17:26:08', '2023-07-28 17:26:08'),
(72, '4037141210', 'Sheryl Strong', 'Huff Hurley', '1 Boerum Place, Soudan, New Mexico, 7008', '+1(896) 507-3443', '2023-07-28 17:26:08', '2023-07-28 17:26:08'),
(73, '4778669232', 'Julianne Barber', 'Robertson Rowe', '7 Essex Street, Kansas, Tennessee, 4309', '+1(918) 596-2182', '2023-07-28 17:26:08', '2023-07-28 17:26:08'),
(74, '4432305826', 'Allyson Sampson', 'Spence Bolton', '39 Court Street, Ventress, New York, 7189', '+1(933) 435-2292', '2023-07-28 17:26:08', '2023-07-28 17:26:08'),
(75, '3714232854', 'Candy Conway', 'Eula Wilkerson', '54 Lenox Road, Waukeenah, Rhode Island, 5243', '+1(937) 443-2467', '2023-07-28 17:26:08', '2023-07-28 17:26:08'),
(76, '4841935667', 'Merle Nicholson', 'Michael Christian', '30 Woodpoint Road, Hall, Indiana, 9185', '+1(931) 490-3144', '2023-07-28 17:26:08', '2023-07-28 17:26:08'),
(77, '4507874939', 'Lily Woodard', 'Laverne Quinn', '56 Nassau Avenue, Yogaville, Alabama, 9305', '+1(855) 550-2317', '2023-07-28 17:26:08', '2023-07-28 17:26:08'),
(78, '5230155076', 'Weber Gay', 'Ivy Newman', '3 Schaefer Street, Holcombe, Texas, 8619', '+1(898) 408-2420', '2023-07-28 17:26:08', '2023-07-28 17:26:08'),
(79, '6597163523', 'Elvira Mcpherson', 'Maxwell Parks', '57 Little Street, Nile, Washington, 214', '+1(955) 478-2922', '2023-07-28 17:26:08', '2023-07-28 17:26:08'),
(80, '7253130300', 'Hollie Donaldson', 'Bender Burch', '88 Vandervoort Place, Boonville, Utah, 4314', '+1(824) 581-3321', '2023-07-28 17:26:08', '2023-07-28 17:26:08'),
(81, '1839459392', 'Effie Cash', 'Mamie Goodman', '82 Legion Street, Nadine, California, 5678', '+1(958) 564-2433', '2023-07-28 17:26:08', '2023-07-28 17:26:08'),
(82, '7507575930', 'Ferrell Gregory', 'Kimberley Sargent', '70 Kingston Avenue, Hemlock, Arkansas, 5193', '+1(942) 479-2689', '2023-07-28 17:26:08', '2023-07-28 17:26:08'),
(83, '5986047556', 'Lorene Peterson', 'Patrick Brennan', '37 Seacoast Terrace, Draper, Northern Mariana Islands, 5110', '+1(860) 513-2030', '2023-07-28 17:26:08', '2023-07-28 17:26:08'),
(84, '8353014319', 'Enid Chen', 'Witt Kennedy', '73 Juliana Place, Cochranville, Georgia, 8308', '+1(855) 542-3424', '2023-07-28 17:26:08', '2023-07-28 17:26:08'),
(85, '2711946102', 'Peterson Gates', 'Marisa Powers', '92 Harway Avenue, Ezel, Virginia, 5766', '+1(863) 485-2637', '2023-07-28 17:26:08', '2023-07-28 17:26:08'),
(86, '2164640670', 'Shanna Foreman', 'Nora Cummings', '3 Gain Court, Noblestown, Wyoming, 3620', '+1(992) 506-2992', '2023-07-28 17:26:08', '2023-07-28 17:26:08');

-- --------------------------------------------------------

--
-- Estructura de tabla para la tabla `products`
--

CREATE TABLE `products` (
  `id` int(11) NOT NULL,
  `branch_office_id` int(11) NOT NULL,
  `provider_id` int(11) NOT NULL,
  `category_id` int(11) NOT NULL,
  `name` varchar(20) COLLATE utf8mb4_unicode_ci NOT NULL,
  `price` decimal(10,2) NOT NULL,
  `stock` int(11) NOT NULL,
  `createdAt` datetime NOT NULL DEFAULT current_timestamp(),
  `updatedAt` datetime NOT NULL DEFAULT current_timestamp() ON UPDATE current_timestamp()
) ENGINE=InnoDB DEFAULT CHARSET=utf8mb4 COLLATE=utf8mb4_unicode_ci;

--
-- Volcado de datos para la tabla `products`
--

INSERT INTO `products` (`id`, `branch_office_id`, `provider_id`, `category_id`, `name`, `price`, `stock`, `createdAt`, `updatedAt`) VALUES
(1002, 5, 40, 15, 'Instant Coffee', '52430.34', 98, '2023-07-28 19:49:00', '2023-07-28 19:49:00'),
(1003, 10, 28, 11, 'Wine - Red, Lurton M', '85495.13', 82, '2023-07-28 19:49:00', '2023-07-28 19:49:00'),
(1004, 4, 31, 15, 'Split Peas - Yellow,', '40281.83', 95, '2023-07-28 19:49:00', '2023-07-28 19:49:00'),
(1005, 10, 90, 1, 'Wine - White, Ej Gal', '82910.28', 21, '2023-07-28 19:49:00', '2023-07-28 19:49:00'),
(1006, 10, 91, 17, 'Ice Cream Bar - Hage', '82572.34', 61, '2023-07-28 19:49:00', '2023-07-28 19:49:00'),
(1007, 8, 20, 11, 'Wine - Vineland Esta', '45061.17', 77, '2023-07-28 19:49:00', '2023-07-28 19:49:00'),
(1008, 9, 72, 8, 'Pastry - Butterscotc', '84602.41', 72, '2023-07-28 19:49:00', '2023-07-28 19:49:00'),
(1009, 2, 23, 7, 'Turkey - Breast, Bon', '86257.33', 56, '2023-07-28 19:49:00', '2023-07-28 19:49:00'),
(1010, 1, 35, 10, 'Rice Paper', '71932.78', 86, '2023-07-28 19:49:00', '2023-07-28 19:49:00'),
(1011, 1, 22, 13, 'Beans - Black Bean, ', '90916.14', 59, '2023-07-28 19:49:00', '2023-07-28 19:49:00'),
(1012, 4, 66, 10, 'Pastry - Apple Muffi', '68071.79', 45, '2023-07-28 19:49:00', '2023-07-28 19:49:00'),
(1013, 7, 97, 5, 'Longos - Grilled Sal', '64745.49', 62, '2023-07-28 19:49:00', '2023-07-28 19:49:00'),
(1014, 6, 44, 6, 'Beer - Fruli', '64127.29', 78, '2023-07-28 19:49:00', '2023-07-28 19:49:00'),
(1015, 9, 94, 5, 'Heavy Duty Dust Pan', '7313.94', 89, '2023-07-28 19:49:00', '2023-07-28 19:49:00'),
(1016, 8, 72, 5, 'Miso - Soy Bean Past', '22030.08', 1, '2023-07-28 19:49:00', '2023-07-28 19:49:00'),
(1017, 7, 25, 5, 'Olives - Morracan Di', '20369.87', 94, '2023-07-28 19:49:00', '2023-07-28 19:49:00'),
(1018, 3, 67, 5, 'Pork - Chop, Frenche', '92962.95', 71, '2023-07-28 19:49:00', '2023-07-28 19:49:00'),
(1019, 6, 64, 2, 'Cheese - Comte', '51107.99', 18, '2023-07-28 19:49:00', '2023-07-28 19:49:00'),
(1020, 2, 96, 11, 'Wine - Chateau Aquer', '95526.91', 95, '2023-07-28 19:49:00', '2023-07-28 19:49:00'),
(1021, 10, 67, 15, 'Crab - Imitation Fla', '16342.71', 64, '2023-07-28 19:49:00', '2023-07-28 19:49:00'),
(1022, 3, 6, 12, 'Cheese - Wine', '85299.97', 41, '2023-07-28 19:49:00', '2023-07-28 19:49:00'),
(1023, 6, 79, 13, 'Rice Pilaf, Dry,pack', '98443.54', 67, '2023-07-28 19:49:00', '2023-07-28 19:49:00'),
(1024, 8, 95, 3, 'Tortillas - Flour, 1', '79699.92', 26, '2023-07-28 19:49:00', '2023-07-28 19:49:00'),
(1025, 1, 41, 17, 'Peas - Frozen', '87687.09', 91, '2023-07-28 19:49:00', '2023-07-28 19:49:00'),
(1026, 2, 78, 12, 'Pie Shell - 5', '7232.85', 1, '2023-07-28 19:49:00', '2023-07-28 19:49:00'),
(1027, 7, 52, 9, 'Sprouts - Corn', '55752.72', 46, '2023-07-28 19:49:00', '2023-07-28 19:49:00'),
(1028, 8, 65, 14, 'Pork - Suckling Pig', '97481.70', 61, '2023-07-28 19:49:00', '2023-07-28 19:49:00'),
(1029, 8, 69, 1, 'Coffee - French Vani', '36248.22', 25, '2023-07-28 19:49:00', '2023-07-28 19:49:00'),
(1030, 8, 66, 3, 'Chips - Miss Vickies', '42359.53', 39, '2023-07-28 19:49:00', '2023-07-28 19:49:00'),
(1031, 8, 68, 14, 'Initation Crab Meat', '66167.14', 92, '2023-07-28 19:49:00', '2023-07-28 19:49:00'),
(1032, 6, 33, 11, 'Wine - Vineland Esta', '71086.62', 88, '2023-07-28 19:49:00', '2023-07-28 19:49:00'),
(1033, 4, 76, 4, 'Mushroom - Trumpet, ', '95687.62', 67, '2023-07-28 19:49:00', '2023-07-28 19:49:00'),
(1034, 8, 33, 8, 'Radish', '36849.53', 19, '2023-07-28 19:49:00', '2023-07-28 19:49:00'),
(1035, 5, 18, 11, 'Asparagus - Green, F', '37575.67', 66, '2023-07-28 19:49:00', '2023-07-28 19:49:00'),
(1036, 10, 70, 4, 'Salmon - Fillets', '67116.31', 49, '2023-07-28 19:49:00', '2023-07-28 19:49:00'),
(1037, 5, 6, 7, 'Potatoes - Mini Whit', '86262.16', 49, '2023-07-28 19:49:00', '2023-07-28 19:49:00'),
(1038, 4, 37, 6, 'Bols Melon Liqueur', '59091.41', 54, '2023-07-28 19:49:00', '2023-07-28 19:49:00'),
(1039, 4, 61, 9, 'Rabbit - Legs', '35573.73', 3, '2023-07-28 19:49:00', '2023-07-28 19:49:00'),
(1040, 3, 46, 8, 'Bacardi Mojito', '8951.18', 55, '2023-07-28 19:49:00', '2023-07-28 19:49:00'),
(1041, 9, 84, 4, 'Pork - Ham Hocks - S', '41179.64', 80, '2023-07-28 19:49:00', '2023-07-28 19:49:00'),
(1042, 3, 19, 10, 'Pasta - Penne, Lisce', '19203.96', 37, '2023-07-28 19:49:00', '2023-07-28 19:49:00'),
(1043, 5, 86, 5, 'Chambord Royal', '86938.08', 83, '2023-07-28 19:49:00', '2023-07-28 19:49:00'),
(1044, 9, 50, 4, 'Nut - Walnut, Choppe', '66380.40', 31, '2023-07-28 19:49:00', '2023-07-28 19:49:00'),
(1045, 10, 61, 7, 'Sprouts - Peppercres', '35964.68', 48, '2023-07-28 19:49:00', '2023-07-28 19:49:00'),
(1046, 10, 83, 9, 'Nantucket Cranberry ', '37766.28', 56, '2023-07-28 19:49:00', '2023-07-28 19:49:00'),
(1047, 4, 96, 6, 'Island Oasis - Mango', '82627.54', 96, '2023-07-28 19:49:00', '2023-07-28 19:49:00'),
(1048, 4, 87, 10, 'Creme De Menthe Gree', '12435.03', 96, '2023-07-28 19:49:00', '2023-07-28 19:49:00'),
(1049, 4, 72, 2, 'Cardamon Ground', '40622.68', 5, '2023-07-28 19:49:00', '2023-07-28 19:49:00'),
(1050, 10, 89, 11, 'Trout - Smoked', '77413.20', 86, '2023-07-28 19:49:00', '2023-07-28 19:49:00'),
(1051, 3, 77, 13, 'Salsify, Organic', '52115.64', 67, '2023-07-28 19:49:00', '2023-07-28 19:49:00'),
(1052, 7, 18, 7, 'Pepper - Red Thai', '87017.98', 50, '2023-07-28 19:49:00', '2023-07-28 19:49:00'),
(1053, 3, 59, 16, 'Pate - Peppercorn', '8555.80', 73, '2023-07-28 19:49:00', '2023-07-28 19:49:00'),
(1054, 2, 18, 16, 'Kiwi', '59104.71', 76, '2023-07-28 19:49:00', '2023-07-28 19:49:00'),
(1055, 2, 57, 9, 'Cookies - Assorted', '99262.11', 70, '2023-07-28 19:49:00', '2023-07-28 19:49:00'),
(1056, 8, 26, 10, 'Bacardi Mojito', '56193.92', 36, '2023-07-28 19:49:00', '2023-07-28 19:49:00'),
(1057, 3, 33, 9, 'Cheese - Havarti, Ro', '86239.27', 75, '2023-07-28 19:49:00', '2023-07-28 19:49:00'),
(1058, 3, 80, 17, 'Crackers - Soda / Sa', '19496.16', 98, '2023-07-28 19:49:00', '2023-07-28 19:49:00'),
(1059, 10, 50, 4, 'Wine - Beringer Foun', '14710.80', 39, '2023-07-28 19:49:00', '2023-07-28 19:49:00'),
(1060, 8, 97, 4, 'Marjoram - Fresh', '62024.90', 60, '2023-07-28 19:49:00', '2023-07-28 19:49:00'),
(1061, 8, 2, 14, 'Nut - Pumpkin Seeds', '59122.38', 87, '2023-07-28 19:49:00', '2023-07-28 19:49:00'),
(1062, 5, 61, 9, 'Chocolate - Milk Coa', '35642.46', 24, '2023-07-28 19:49:00', '2023-07-28 19:49:00'),
(1063, 6, 71, 15, 'Tobasco Sauce', '93486.44', 87, '2023-07-28 19:49:00', '2023-07-28 19:49:00'),
(1064, 7, 72, 15, 'Lettuce - Frisee', '33113.31', 30, '2023-07-28 19:49:00', '2023-07-28 19:49:00'),
(1065, 7, 82, 5, 'Beef - Cow Feet Spli', '48826.80', 90, '2023-07-28 19:49:00', '2023-07-28 19:49:00'),
(1066, 4, 26, 1, 'Wine - Red, Pinot No', '79975.74', 67, '2023-07-28 19:49:00', '2023-07-28 19:49:00'),
(1067, 9, 31, 8, 'Pepper - Green', '9248.45', 79, '2023-07-28 19:49:00', '2023-07-28 19:49:00'),
(1068, 3, 27, 3, 'Veal - Kidney', '88317.58', 70, '2023-07-28 19:49:00', '2023-07-28 19:49:00'),
(1069, 7, 70, 17, 'Milk - 2% 250 Ml', '93672.42', 68, '2023-07-28 19:49:00', '2023-07-28 19:49:00'),
(1070, 5, 72, 9, 'Laundry - Bag Cloth', '64273.07', 96, '2023-07-28 19:49:00', '2023-07-28 19:49:00'),
(1071, 5, 80, 3, 'Ostrich - Fan Fillet', '24201.34', 45, '2023-07-28 19:49:00', '2023-07-28 19:49:00'),
(1072, 8, 11, 7, 'Sugar Thermometer', '58759.60', 4, '2023-07-28 19:49:00', '2023-07-28 19:49:00'),
(1073, 3, 98, 12, 'Island Oasis - Lemon', '78339.97', 42, '2023-07-28 19:49:00', '2023-07-28 19:49:00'),
(1074, 1, 39, 4, 'Ice Cream - Chocolat', '34934.63', 44, '2023-07-28 19:49:00', '2023-07-28 19:49:00'),
(1075, 7, 86, 5, 'Onions - Red Pearl', '51878.02', 12, '2023-07-28 19:49:00', '2023-07-28 19:49:00'),
(1076, 2, 85, 3, 'Arrowroot', '11498.26', 69, '2023-07-28 19:49:00', '2023-07-28 19:49:00'),
(1077, 5, 40, 5, 'Apple - Royal Gala', '2794.38', 19, '2023-07-28 19:49:00', '2023-07-28 19:49:00'),
(1078, 7, 30, 2, 'Chocolate - Dark', '81589.02', 20, '2023-07-28 19:49:00', '2023-07-28 19:49:00'),
(1079, 9, 61, 3, 'Spring Roll Veg Mini', '52601.10', 66, '2023-07-28 19:49:00', '2023-07-28 19:49:00'),
(1080, 10, 85, 3, 'Rabbit - Whole', '15614.80', 86, '2023-07-28 19:49:00', '2023-07-28 19:49:00'),
(1081, 5, 65, 11, 'Nut - Pecan, Pieces', '86113.67', 34, '2023-07-28 19:49:00', '2023-07-28 19:49:00'),
(1082, 9, 97, 4, 'Cake - Miini Cheesec', '81120.93', 93, '2023-07-28 19:49:01', '2023-07-28 19:49:01'),
(1083, 7, 66, 14, 'Tomatoes - Heirloom', '95149.19', 19, '2023-07-28 19:49:01', '2023-07-28 19:49:01'),
(1084, 8, 9, 11, 'Cheese - Ermite Bleu', '19129.32', 7, '2023-07-28 19:49:01', '2023-07-28 19:49:01'),
(1085, 3, 99, 4, 'Wine - Kwv Chenin Bl', '48181.25', 20, '2023-07-28 19:49:01', '2023-07-28 19:49:01'),
(1086, 8, 47, 5, 'Curry Paste - Green ', '17404.31', 30, '2023-07-28 19:49:01', '2023-07-28 19:49:01'),
(1087, 10, 8, 15, 'French Pastries', '25860.91', 12, '2023-07-28 19:49:01', '2023-07-28 19:49:01'),
(1088, 4, 79, 16, 'Mace', '78830.88', 16, '2023-07-28 19:49:01', '2023-07-28 19:49:01'),
(1089, 5, 85, 9, 'Beef - Top Sirloin', '94076.03', 31, '2023-07-28 19:49:01', '2023-07-28 19:49:01'),
(1090, 9, 16, 16, 'Orange - Tangerine', '50770.94', 41, '2023-07-28 19:49:01', '2023-07-28 19:49:01'),
(1091, 3, 49, 11, 'French Pastry - Mini', '9948.67', 38, '2023-07-28 19:49:01', '2023-07-28 19:49:01'),
(1092, 1, 82, 13, 'Wine - Mondavi Coast', '99967.97', 37, '2023-07-28 19:49:01', '2023-07-28 19:49:01'),
(1093, 1, 47, 2, 'Onions - Red Pearl', '71052.83', 54, '2023-07-28 19:49:01', '2023-07-28 19:49:01'),
(1094, 2, 67, 12, 'Bread - 10 Grain', '42512.93', 34, '2023-07-28 19:49:01', '2023-07-28 19:49:01'),
(1095, 9, 29, 6, 'Taro Root', '21336.60', 6, '2023-07-28 19:49:01', '2023-07-28 19:49:01'),
(1096, 5, 97, 9, 'Beef - Short Loin', '83814.26', 46, '2023-07-28 19:49:01', '2023-07-28 19:49:01'),
(1097, 8, 76, 3, 'Wine - Alsace Gewurz', '11260.80', 7, '2023-07-28 19:49:01', '2023-07-28 19:49:01'),
(1098, 6, 40, 12, 'Crab - Soft Shell', '59332.61', 82, '2023-07-28 19:49:01', '2023-07-28 19:49:01'),
(1099, 2, 78, 8, 'Basil - Primerba, Pa', '10954.67', 74, '2023-07-28 19:49:01', '2023-07-28 19:49:01'),
(1100, 4, 60, 1, 'Venison - Liver', '37493.86', 93, '2023-07-28 19:49:01', '2023-07-28 19:49:01'),
(1101, 1, 36, 1, 'Juice - Happy Planet', '35067.93', 32, '2023-07-28 19:49:01', '2023-07-28 19:49:01'),
(1102, 3, 99, 1, 'Tamarind Paste', '95106.18', 47, '2023-07-28 19:49:01', '2023-07-28 19:49:01'),
(1103, 4, 76, 8, 'Bread - Roll, Whole ', '6285.37', 70, '2023-07-28 19:49:01', '2023-07-28 19:49:01'),
(1104, 7, 33, 12, 'Icecream - Dibs', '33845.26', 40, '2023-07-28 19:49:01', '2023-07-28 19:49:01'),
(1105, 3, 16, 16, 'Mini - Vol Au Vents', '37114.05', 19, '2023-07-28 19:49:01', '2023-07-28 19:49:01'),
(1106, 7, 17, 8, 'Wine - Alsace Riesli', '68431.22', 53, '2023-07-28 19:49:01', '2023-07-28 19:49:01'),
(1107, 10, 13, 11, 'Cookie Dough - Oatme', '94792.41', 60, '2023-07-28 19:49:01', '2023-07-28 19:49:01'),
(1108, 3, 4, 1, 'Absolut Citron', '65405.80', 80, '2023-07-28 19:49:01', '2023-07-28 19:49:01'),
(1109, 4, 88, 2, 'Beef - Montreal Smok', '46647.01', 78, '2023-07-28 19:49:01', '2023-07-28 19:49:01'),
(1110, 8, 82, 14, 'Phyllo Dough', '10258.40', 20, '2023-07-28 19:49:01', '2023-07-28 19:49:01'),
(1111, 2, 20, 8, 'Island Oasis - Pina ', '41290.00', 90, '2023-07-28 19:49:01', '2023-07-28 19:49:01'),
(1112, 3, 21, 2, 'Table Cloth 81x81 Wh', '63568.47', 60, '2023-07-28 19:49:01', '2023-07-28 19:49:01'),
(1113, 10, 75, 1, 'Water - Perrier', '49287.57', 100, '2023-07-28 19:49:01', '2023-07-28 19:49:01'),
(1114, 5, 41, 9, 'Cheese - Colby', '71782.82', 18, '2023-07-28 19:49:01', '2023-07-28 19:49:01'),
(1115, 10, 47, 13, 'Evaporated Milk - Sk', '22275.38', 23, '2023-07-28 19:49:01', '2023-07-28 19:49:01'),
(1116, 7, 86, 9, 'Bay Leaf Ground', '11011.71', 40, '2023-07-28 19:49:01', '2023-07-28 19:49:01'),
(1117, 5, 8, 5, 'Lamb Leg - Bone - In', '62914.69', 7, '2023-07-28 19:49:01', '2023-07-28 19:49:01'),
(1118, 1, 28, 14, 'Pasta - Fettuccine, ', '42153.76', 36, '2023-07-28 19:49:01', '2023-07-28 19:49:01'),
(1119, 10, 77, 10, 'Kiwano', '72170.27', 29, '2023-07-28 19:49:01', '2023-07-28 19:49:01'),
(1120, 2, 31, 7, 'Wine - Beringer Foun', '7766.23', 10, '2023-07-28 19:49:01', '2023-07-28 19:49:01'),
(1121, 3, 57, 13, 'Pepper - Black, Grou', '3551.18', 22, '2023-07-28 19:49:01', '2023-07-28 19:49:01'),
(1122, 4, 21, 8, 'Chocolate - Chips Co', '72234.14', 99, '2023-07-28 19:49:01', '2023-07-28 19:49:01'),
(1123, 5, 88, 15, 'Lid Coffee Cup 8oz B', '80009.13', 74, '2023-07-28 19:49:01', '2023-07-28 19:49:01'),
(1124, 7, 77, 15, 'Chicken - White Meat', '92985.93', 66, '2023-07-28 19:49:01', '2023-07-28 19:49:01'),
(1125, 5, 3, 17, 'Napkin - Beverage 1 ', '7518.57', 93, '2023-07-28 19:49:01', '2023-07-28 19:49:01'),
(1126, 8, 42, 1, 'Coconut - Shredded, ', '97413.04', 86, '2023-07-28 19:49:01', '2023-07-28 19:49:01'),
(1127, 3, 5, 3, 'Oven Mitt - 13 Inch', '95992.01', 73, '2023-07-28 19:49:01', '2023-07-28 19:49:01'),
(1128, 9, 2, 9, 'Nantucket Cranberry ', '7248.99', 66, '2023-07-28 19:49:01', '2023-07-28 19:49:01'),
(1129, 8, 50, 17, 'Water Chestnut - Can', '28896.73', 23, '2023-07-28 19:49:01', '2023-07-28 19:49:01'),
(1130, 4, 1, 6, 'Pumpkin', '33068.68', 1, '2023-07-28 19:49:01', '2023-07-28 19:49:01'),
(1131, 8, 51, 11, 'Tomatoes', '11861.75', 30, '2023-07-28 19:49:01', '2023-07-28 19:49:01'),
(1132, 4, 40, 14, 'Octopus - Baby, Clea', '15565.74', 57, '2023-07-28 19:49:01', '2023-07-28 19:49:01'),
(1133, 3, 83, 2, 'Flower - Leather Lea', '29072.27', 14, '2023-07-28 19:49:01', '2023-07-28 19:49:01'),
(1134, 8, 88, 8, 'Foam Espresso Cup Pl', '16530.81', 92, '2023-07-28 19:49:01', '2023-07-28 19:49:01'),
(1135, 10, 35, 15, 'Wine - Cabernet Sauv', '46351.18', 14, '2023-07-28 19:49:01', '2023-07-28 19:49:01'),
(1136, 1, 93, 7, 'Pork - Tenderloin, F', '19522.65', 0, '2023-07-28 19:49:01', '2023-07-28 19:49:01'),
(1137, 1, 5, 1, 'Garbag Bags - Black', '61191.70', 8, '2023-07-28 19:49:01', '2023-07-28 19:49:01'),
(1138, 10, 95, 3, 'Scallops - 20/30', '27301.92', 93, '2023-07-28 19:49:01', '2023-07-28 19:49:01'),
(1139, 9, 88, 14, 'Tea - Mint', '70739.37', 13, '2023-07-28 19:49:01', '2023-07-28 19:49:01'),
(1140, 7, 76, 15, 'Scrubbie - Scotchbri', '23615.00', 57, '2023-07-28 19:49:01', '2023-07-28 19:49:01'),
(1141, 9, 50, 11, 'Bread Base - Gold Fo', '4029.49', 56, '2023-07-28 19:49:01', '2023-07-28 19:49:01'),
(1142, 4, 80, 4, 'Port - 74 Brights', '74692.52', 85, '2023-07-28 19:49:01', '2023-07-28 19:49:01'),
(1143, 3, 47, 17, 'Lettuce - Sea / Sea ', '70826.23', 98, '2023-07-28 19:49:01', '2023-07-28 19:49:01'),
(1144, 3, 27, 7, 'Papadam', '17032.51', 58, '2023-07-28 19:49:01', '2023-07-28 19:49:01'),
(1145, 1, 15, 16, 'Dill Weed - Fresh', '22304.07', 1, '2023-07-28 19:49:01', '2023-07-28 19:49:01'),
(1146, 1, 10, 2, 'Sword Pick Asst', '22518.78', 5, '2023-07-28 19:49:01', '2023-07-28 19:49:01'),
(1147, 10, 26, 12, 'Snapple - Iced Tea P', '10643.71', 27, '2023-07-28 19:49:01', '2023-07-28 19:49:01'),
(1148, 5, 24, 15, 'Bread - White Mini E', '7809.07', 81, '2023-07-28 19:49:01', '2023-07-28 19:49:01'),
(1149, 5, 31, 13, 'Chocolate - White', '10817.69', 37, '2023-07-28 19:49:01', '2023-07-28 19:49:01'),
(1150, 8, 79, 14, 'Sauce - Balsamic Vin', '16227.88', 43, '2023-07-28 19:49:01', '2023-07-28 19:49:01'),
(1151, 9, 89, 6, 'Lettuce - Curly Endi', '71733.56', 17, '2023-07-28 19:49:01', '2023-07-28 19:49:01'),
(1152, 5, 10, 17, 'Crab - Imitation Fla', '28086.78', 97, '2023-07-28 19:49:01', '2023-07-28 19:49:01'),
(1153, 4, 62, 12, 'Wine - Redchard Merr', '89845.01', 95, '2023-07-28 19:49:01', '2023-07-28 19:49:01'),
(1154, 7, 33, 6, 'Mackerel Whole Fresh', '49464.63', 13, '2023-07-28 19:49:01', '2023-07-28 19:49:01'),
(1155, 1, 50, 7, 'Pork Casing', '92241.23', 61, '2023-07-28 19:49:01', '2023-07-28 19:49:01'),
(1156, 8, 27, 10, 'Sauce - Hoisin', '3564.20', 14, '2023-07-28 19:49:01', '2023-07-28 19:49:01'),
(1157, 9, 64, 12, 'Wasabi Paste', '51746.74', 74, '2023-07-28 19:49:01', '2023-07-28 19:49:01'),
(1158, 3, 56, 15, 'Nut - Pumpkin Seeds', '69421.20', 64, '2023-07-28 19:49:01', '2023-07-28 19:49:01'),
(1159, 6, 44, 1, 'Lamb Rack Frenched A', '35399.03', 38, '2023-07-28 19:49:01', '2023-07-28 19:49:01'),
(1160, 4, 47, 13, 'Bread Roll Foccacia', '54579.16', 68, '2023-07-28 19:49:01', '2023-07-28 19:49:01'),
(1161, 6, 80, 4, 'Wine - Blue Nun Qual', '20221.71', 95, '2023-07-28 19:49:01', '2023-07-28 19:49:01'),
(1162, 5, 26, 3, 'Wine - Barossa Valle', '62526.26', 78, '2023-07-28 19:49:01', '2023-07-28 19:49:01'),
(1163, 8, 50, 9, 'Wine - Lou Black Shi', '59090.28', 85, '2023-07-28 19:49:01', '2023-07-28 19:49:01'),
(1164, 3, 37, 10, 'Sugar - Palm', '74090.28', 26, '2023-07-28 19:49:01', '2023-07-28 19:49:01'),
(1165, 10, 2, 13, 'Scallops - 20/30', '54102.47', 28, '2023-07-28 19:49:01', '2023-07-28 19:49:01'),
(1166, 3, 9, 14, 'Pears - Anjou', '28927.81', 86, '2023-07-28 19:49:01', '2023-07-28 19:49:01'),
(1167, 6, 87, 4, 'Tomatoes Tear Drop', '57374.94', 8, '2023-07-28 19:49:01', '2023-07-28 19:49:01'),
(1168, 5, 3, 8, 'Blueberries', '41590.90', 37, '2023-07-28 19:49:01', '2023-07-28 19:49:01'),
(1169, 4, 60, 5, 'Pastry - Banana Muff', '20222.40', 2, '2023-07-28 19:49:01', '2023-07-28 19:49:01'),
(1170, 3, 65, 15, 'Tomato - Green', '76410.16', 34, '2023-07-28 19:49:01', '2023-07-28 19:49:01'),
(1171, 10, 9, 17, 'Cheese - Parmesan Gr', '30329.34', 77, '2023-07-28 19:49:01', '2023-07-28 19:49:01'),
(1172, 10, 94, 9, 'Wine - Vidal Icewine', '51295.62', 34, '2023-07-28 19:49:01', '2023-07-28 19:49:01'),
(1173, 10, 100, 5, 'Horseradish - Prepar', '37989.81', 24, '2023-07-28 19:49:01', '2023-07-28 19:49:01'),
(1174, 3, 79, 2, 'Mikes Hard Lemonade', '90769.66', 68, '2023-07-28 19:49:01', '2023-07-28 19:49:01'),
(1175, 6, 16, 5, 'Eggplant - Regular', '10908.63', 29, '2023-07-28 19:49:01', '2023-07-28 19:49:01'),
(1176, 6, 36, 7, 'Pastry - Mini French', '15221.50', 65, '2023-07-28 19:49:01', '2023-07-28 19:49:01'),
(1177, 2, 95, 7, 'Beef - Kindney, Whol', '31395.73', 56, '2023-07-28 19:49:01', '2023-07-28 19:49:01'),
(1178, 4, 29, 7, 'Sauce - Hp', '68887.24', 8, '2023-07-28 19:49:01', '2023-07-28 19:49:01'),
(1179, 3, 42, 1, 'Onions - White', '84358.36', 2, '2023-07-28 19:49:01', '2023-07-28 19:49:01'),
(1180, 5, 28, 6, 'Lemonade - Island Te', '43345.60', 82, '2023-07-28 19:49:01', '2023-07-28 19:49:01'),
(1181, 2, 10, 15, 'Sauce - Salsa', '85175.81', 66, '2023-07-28 19:49:01', '2023-07-28 19:49:01'),
(1182, 5, 25, 17, 'Yogurt - Plain', '29710.55', 37, '2023-07-28 19:49:01', '2023-07-28 19:49:01'),
(1183, 10, 4, 10, 'Paste - Black Olive', '55799.86', 38, '2023-07-28 19:49:01', '2023-07-28 19:49:01'),
(1184, 9, 2, 12, 'Pork - Loin, Center ', '46795.47', 30, '2023-07-28 19:49:01', '2023-07-28 19:49:01'),
(1185, 1, 21, 8, 'Muffin Mix - Morning', '78867.09', 50, '2023-07-28 19:49:01', '2023-07-28 19:49:01'),
(1186, 1, 34, 4, 'Veal - Bones', '53787.10', 25, '2023-07-28 19:49:01', '2023-07-28 19:49:01'),
(1187, 7, 5, 10, 'Croissant, Raw - Min', '63442.42', 77, '2023-07-28 19:49:01', '2023-07-28 19:49:01'),
(1188, 9, 82, 1, 'Beans - Wax', '14453.09', 74, '2023-07-28 19:49:01', '2023-07-28 19:49:01'),
(1189, 8, 60, 3, 'Long Island Ice Tea', '48906.40', 3, '2023-07-28 19:49:01', '2023-07-28 19:49:01'),
(1190, 1, 83, 8, 'Sobe - Berry Energy', '80936.21', 61, '2023-07-28 19:49:01', '2023-07-28 19:49:01'),
(1191, 7, 15, 12, 'Mushroom - Enoki, Dr', '82345.57', 32, '2023-07-28 19:49:01', '2023-07-28 19:49:01'),
(1192, 9, 99, 1, 'Flower - Dish Garden', '99228.03', 73, '2023-07-28 19:49:01', '2023-07-28 19:49:01'),
(1193, 7, 73, 9, 'Bagel - Sesame Seed ', '49422.42', 53, '2023-07-28 19:49:01', '2023-07-28 19:49:01'),
(1194, 3, 67, 14, 'Vinegar - Raspberry', '97662.48', 72, '2023-07-28 19:49:01', '2023-07-28 19:49:01'),
(1195, 2, 99, 7, 'Bread - Bistro White', '6267.31', 76, '2023-07-28 19:49:01', '2023-07-28 19:49:01'),
(1196, 2, 33, 16, 'Frangelico', '36432.39', 98, '2023-07-28 19:49:01', '2023-07-28 19:49:01'),
(1197, 9, 2, 10, 'Garlic - Peeled', '52430.87', 57, '2023-07-28 19:49:01', '2023-07-28 19:49:01'),
(1198, 1, 54, 1, 'Cranberries - Dry', '19157.40', 1, '2023-07-28 19:49:01', '2023-07-28 19:49:01'),
(1199, 3, 23, 16, 'Pepper - Chillies, C', '7124.16', 33, '2023-07-28 19:49:01', '2023-07-28 19:49:01'),
(1200, 9, 17, 17, 'Bar - Sweet And Salt', '82124.19', 4, '2023-07-28 19:49:01', '2023-07-28 19:49:01'),
(1201, 3, 11, 13, 'Apple - Delicious, G', '54268.32', 75, '2023-07-28 19:49:01', '2023-07-28 19:49:01'),
(1202, 4, 25, 12, 'Juice - Pineapple, 3', '39110.10', 74, '2023-07-28 19:49:01', '2023-07-28 19:49:01'),
(1203, 6, 59, 17, 'Flower - Dish Garden', '74175.57', 5, '2023-07-28 19:49:01', '2023-07-28 19:49:01'),
(1204, 6, 68, 6, 'Shrimp - Black Tiger', '86529.32', 42, '2023-07-28 19:49:01', '2023-07-28 19:49:01'),
(1205, 8, 34, 6, 'Potatoes - Mini Whit', '17790.70', 49, '2023-07-28 19:49:01', '2023-07-28 19:49:01'),
(1206, 10, 11, 9, 'Temperature Recordin', '70354.03', 67, '2023-07-28 19:49:01', '2023-07-28 19:49:01'),
(1207, 7, 47, 8, 'Potatoes - Idaho 80 ', '28723.59', 31, '2023-07-28 19:49:01', '2023-07-28 19:49:01'),
(1208, 10, 45, 13, 'Tea - Herbal - 6 Ass', '97982.42', 56, '2023-07-28 19:49:01', '2023-07-28 19:49:01'),
(1209, 10, 9, 14, 'Potatoes - Idaho 80 ', '86374.50', 39, '2023-07-28 19:49:01', '2023-07-28 19:49:01'),
(1210, 10, 96, 1, 'Cheese Cloth', '56232.49', 60, '2023-07-28 19:49:01', '2023-07-28 19:49:01'),
(1211, 2, 24, 12, 'Mudslide', '24278.66', 28, '2023-07-28 19:49:01', '2023-07-28 19:49:01'),
(1212, 7, 68, 5, 'Chinese Foods - Pepp', '75886.80', 67, '2023-07-28 19:49:01', '2023-07-28 19:49:01'),
(1213, 8, 49, 4, 'Graham Cracker Mix', '89425.19', 43, '2023-07-28 19:49:01', '2023-07-28 19:49:01'),
(1214, 1, 69, 5, 'Wine - Rosso Toscano', '59275.11', 8, '2023-07-28 19:49:01', '2023-07-28 19:49:01'),
(1215, 10, 17, 14, 'Curry Paste - Green ', '68730.32', 21, '2023-07-28 19:49:01', '2023-07-28 19:49:01'),
(1216, 7, 21, 8, 'Chicken Breast Wing ', '81378.92', 70, '2023-07-28 19:49:01', '2023-07-28 19:49:01'),
(1217, 7, 49, 11, 'Salt - Kosher', '85733.53', 28, '2023-07-28 19:49:01', '2023-07-28 19:49:01'),
(1218, 1, 18, 3, 'Sobe - Green Tea', '62316.80', 91, '2023-07-28 19:49:01', '2023-07-28 19:49:01'),
(1219, 10, 99, 16, 'Bacon Strip Precooke', '16791.08', 37, '2023-07-28 19:49:01', '2023-07-28 19:49:01'),
(1220, 10, 84, 10, 'Extract - Almond', '94406.68', 22, '2023-07-28 19:49:01', '2023-07-28 19:49:01'),
(1221, 10, 7, 1, 'Wine - Gato Negro Ca', '40867.99', 66, '2023-07-28 19:49:01', '2023-07-28 19:49:01'),
(1222, 9, 95, 16, 'Cookies - Assorted', '87613.25', 60, '2023-07-28 19:49:01', '2023-07-28 19:49:01'),
(1223, 5, 99, 3, 'Curry Powder', '26234.14', 19, '2023-07-28 19:49:01', '2023-07-28 19:49:01'),
(1224, 4, 3, 9, 'Bread - Bistro White', '84643.10', 14, '2023-07-28 19:49:01', '2023-07-28 19:49:01'),
(1225, 4, 33, 11, 'Fond - Neutral', '51225.53', 100, '2023-07-28 19:49:01', '2023-07-28 19:49:01'),
(1226, 8, 76, 4, 'Beef - Ox Tongue, Pi', '64230.08', 99, '2023-07-28 19:49:01', '2023-07-28 19:49:01'),
(1227, 9, 21, 2, 'Kumquat', '30125.68', 76, '2023-07-28 19:49:01', '2023-07-28 19:49:01'),
(1228, 7, 24, 6, 'Veal - Ground', '12299.65', 78, '2023-07-28 19:49:01', '2023-07-28 19:49:01'),
(1229, 2, 87, 3, 'Pork - Belly Fresh', '73231.24', 94, '2023-07-28 19:49:01', '2023-07-28 19:49:01'),
(1230, 6, 65, 5, 'Barramundi', '20774.35', 81, '2023-07-28 19:49:01', '2023-07-28 19:49:01'),
(1231, 6, 43, 5, 'Wine - Sauvignon Bla', '85327.32', 38, '2023-07-28 19:49:01', '2023-07-28 19:49:01'),
(1232, 3, 38, 3, 'Cheese - Wine', '80601.34', 90, '2023-07-28 19:49:01', '2023-07-28 19:49:01'),
(1233, 9, 10, 5, 'Doilies - 7, Paper', '53424.59', 82, '2023-07-28 19:49:01', '2023-07-28 19:49:01'),
(1234, 9, 58, 2, 'Prunes - Pitted', '76098.96', 11, '2023-07-28 19:49:01', '2023-07-28 19:49:01'),
(1235, 10, 80, 2, 'Bread - White, Slice', '30776.92', 60, '2023-07-28 19:49:01', '2023-07-28 19:49:01'),
(1236, 1, 17, 6, 'Juice - Apple Cider', '24474.05', 35, '2023-07-28 19:49:01', '2023-07-28 19:49:01'),
(1237, 2, 31, 12, 'Cheese - Brick With ', '56524.62', 54, '2023-07-28 19:49:01', '2023-07-28 19:49:01'),
(1238, 10, 49, 1, 'Ice Cream Bar - Rolo', '1860.73', 18, '2023-07-28 19:49:01', '2023-07-28 19:49:01'),
(1239, 10, 100, 3, 'Chips Potato Swt Chi', '69843.53', 89, '2023-07-28 19:49:01', '2023-07-28 19:49:01'),
(1240, 8, 60, 3, 'Lamb - Shoulder, Bon', '58514.16', 4, '2023-07-28 19:49:01', '2023-07-28 19:49:01'),
(1241, 2, 92, 4, 'Sobe - Green Tea', '34445.79', 70, '2023-07-28 19:49:01', '2023-07-28 19:49:01'),
(1242, 6, 27, 7, 'Muffin - Carrot Indi', '39122.17', 46, '2023-07-28 19:49:01', '2023-07-28 19:49:01'),
(1243, 3, 53, 2, 'Dill Weed - Fresh', '74972.12', 19, '2023-07-28 19:49:01', '2023-07-28 19:49:01'),
(1244, 6, 35, 11, 'Pork - Shoulder', '89953.09', 35, '2023-07-28 19:49:01', '2023-07-28 19:49:01'),
(1245, 10, 89, 13, 'Pepper - Paprika, Hu', '77944.40', 45, '2023-07-28 19:49:01', '2023-07-28 19:49:01'),
(1246, 10, 23, 17, 'Mushroom - Porcini, ', '47089.97', 69, '2023-07-28 19:49:01', '2023-07-28 19:49:01'),
(1247, 2, 91, 14, 'Lid Tray - 16in Dome', '4664.82', 22, '2023-07-28 19:49:01', '2023-07-28 19:49:01'),
(1248, 8, 77, 10, 'Pear - Packum', '67747.92', 59, '2023-07-28 19:49:01', '2023-07-28 19:49:01'),
(1249, 10, 5, 8, 'Tomato - Plum With B', '28089.57', 70, '2023-07-28 19:49:01', '2023-07-28 19:49:01'),
(1250, 9, 17, 5, 'Mushroom - King Eryi', '25176.15', 19, '2023-07-28 19:49:01', '2023-07-28 19:49:01'),
(1251, 1, 99, 15, 'Wine - Sawmill Creek', '4504.66', 88, '2023-07-28 19:49:01', '2023-07-28 19:49:01'),
(1252, 2, 71, 15, 'Asparagus - Mexican', '15117.13', 78, '2023-07-28 19:49:01', '2023-07-28 19:49:01'),
(1253, 9, 92, 6, 'Sobe - Orange Carrot', '45649.03', 65, '2023-07-28 19:49:01', '2023-07-28 19:49:01'),
(1254, 3, 39, 11, 'Beef - Baby, Liver', '49283.73', 70, '2023-07-28 19:49:01', '2023-07-28 19:49:01'),
(1255, 2, 61, 17, 'Lid - 3oz Med Rec', '82550.84', 29, '2023-07-28 19:49:01', '2023-07-28 19:49:01'),
(1256, 5, 52, 1, 'Sugar - Palm', '91668.60', 7, '2023-07-28 19:49:01', '2023-07-28 19:49:01'),
(1257, 3, 49, 9, 'Cherries - Maraschin', '99557.39', 65, '2023-07-28 19:49:01', '2023-07-28 19:49:01'),
(1258, 2, 98, 15, 'Bread Cranberry Focc', '80488.51', 14, '2023-07-28 19:49:01', '2023-07-28 19:49:01'),
(1259, 7, 62, 7, 'Cheese Cloth', '10725.31', 25, '2023-07-28 19:49:01', '2023-07-28 19:49:01'),
(1260, 5, 71, 3, 'Coriander - Ground', '10874.17', 79, '2023-07-28 19:49:01', '2023-07-28 19:49:01'),
(1261, 7, 96, 4, 'Bread - White, Unsli', '74432.50', 84, '2023-07-28 19:49:01', '2023-07-28 19:49:01'),
(1262, 2, 31, 3, 'Pastry - Chocolate C', '49355.30', 17, '2023-07-28 19:49:01', '2023-07-28 19:49:01'),
(1263, 7, 44, 15, 'Horseradish Root', '99272.19', 85, '2023-07-28 19:49:01', '2023-07-28 19:49:01'),
(1264, 2, 21, 11, 'Water - Green Tea Re', '58755.63', 68, '2023-07-28 19:49:01', '2023-07-28 19:49:01'),
(1265, 3, 99, 16, 'Oil - Truffle, Black', '62438.36', 23, '2023-07-28 19:49:01', '2023-07-28 19:49:01'),
(1266, 9, 58, 3, 'Wine - Savigny - Les', '53863.84', 24, '2023-07-28 19:49:01', '2023-07-28 19:49:01'),
(1267, 2, 89, 10, 'Catfish - Fillets', '54232.37', 95, '2023-07-28 19:49:01', '2023-07-28 19:49:01'),
(1268, 3, 83, 5, 'Sobe - Tropical Ener', '85866.98', 94, '2023-07-28 19:49:01', '2023-07-28 19:49:01'),
(1269, 6, 70, 15, 'White Baguette', '80142.56', 22, '2023-07-28 19:49:01', '2023-07-28 19:49:01'),
(1270, 3, 51, 9, 'Yams', '50848.20', 52, '2023-07-28 19:49:01', '2023-07-28 19:49:01'),
(1271, 3, 40, 14, 'Wine - Fat Bastard M', '67006.87', 68, '2023-07-28 19:49:01', '2023-07-28 19:49:01'),
(1272, 2, 69, 7, 'Ham Black Forest', '10191.70', 100, '2023-07-28 19:49:01', '2023-07-28 19:49:01'),
(1273, 7, 42, 11, 'Plasticforkblack', '27647.58', 1, '2023-07-28 19:49:01', '2023-07-28 19:49:01'),
(1274, 4, 25, 5, 'Bar Mix - Pina Colad', '86217.58', 26, '2023-07-28 19:49:01', '2023-07-28 19:49:01'),
(1275, 3, 59, 2, 'Fruit Salad Deluxe', '64980.93', 53, '2023-07-28 19:49:01', '2023-07-28 19:49:01'),
(1276, 6, 2, 7, 'Wine - Sauvignon Bla', '45725.87', 19, '2023-07-28 19:49:01', '2023-07-28 19:49:01'),
(1277, 5, 81, 17, 'Turkey - Breast, Dou', '80772.77', 1, '2023-07-28 19:49:01', '2023-07-28 19:49:01'),
(1278, 6, 61, 3, 'Pork - Hock And Feet', '2858.96', 6, '2023-07-28 19:49:01', '2023-07-28 19:49:01'),
(1279, 10, 22, 5, 'Spice - Peppercorn M', '7656.22', 56, '2023-07-28 19:49:01', '2023-07-28 19:49:01'),
(1280, 1, 6, 1, 'Ice Cream - Super Sa', '7295.21', 88, '2023-07-28 19:49:01', '2023-07-28 19:49:01'),
(1281, 6, 13, 15, 'Muffin Orange Indivi', '51300.12', 19, '2023-07-28 19:49:01', '2023-07-28 19:49:01'),
(1282, 4, 19, 17, 'Relish', '4099.44', 56, '2023-07-28 19:49:01', '2023-07-28 19:49:01'),
(1283, 2, 16, 5, 'Wine - Ice Wine', '99577.57', 34, '2023-07-28 19:49:01', '2023-07-28 19:49:01'),
(1284, 2, 64, 17, 'Carroway Seed', '4332.88', 73, '2023-07-28 19:49:01', '2023-07-28 19:49:01'),
(1285, 2, 35, 3, 'Tea - Herbal I Love ', '82815.15', 74, '2023-07-28 19:49:01', '2023-07-28 19:49:01'),
(1286, 2, 66, 13, 'Puree - Mango', '49706.01', 11, '2023-07-28 19:49:01', '2023-07-28 19:49:01'),
(1287, 3, 79, 12, 'Wine - Fino Tio Pepe', '60763.21', 89, '2023-07-28 19:49:01', '2023-07-28 19:49:01'),
(1288, 8, 6, 3, 'Beef Tenderloin Aaa', '85916.15', 42, '2023-07-28 19:49:01', '2023-07-28 19:49:01'),
(1289, 8, 93, 3, 'Juice - Lagoon Mango', '57699.03', 43, '2023-07-28 19:49:01', '2023-07-28 19:49:01'),
(1290, 3, 49, 11, 'Lemonade - Island Te', '10427.58', 66, '2023-07-28 19:49:01', '2023-07-28 19:49:01'),
(1291, 10, 12, 6, 'Mousse - Passion Fru', '89667.34', 60, '2023-07-28 19:49:01', '2023-07-28 19:49:01'),
(1292, 7, 17, 12, 'Wine - Remy Pannier ', '67447.35', 68, '2023-07-28 19:49:01', '2023-07-28 19:49:01'),
(1293, 10, 10, 12, 'Lettuce - Romaine, H', '14600.40', 70, '2023-07-28 19:49:01', '2023-07-28 19:49:01'),
(1294, 7, 84, 17, 'Danishes - Mini Chee', '66777.20', 63, '2023-07-28 19:49:01', '2023-07-28 19:49:01'),
(1295, 3, 12, 8, 'Apple - Custard', '67304.50', 41, '2023-07-28 19:49:01', '2023-07-28 19:49:01'),
(1296, 8, 69, 10, 'Orange - Blood', '55211.43', 57, '2023-07-28 19:49:01', '2023-07-28 19:49:01'),
(1297, 9, 67, 10, 'The Pop Shoppe Pinap', '52594.98', 18, '2023-07-28 19:49:01', '2023-07-28 19:49:01'),
(1298, 7, 35, 14, 'Basil - Pesto Sauce', '38074.71', 55, '2023-07-28 19:49:01', '2023-07-28 19:49:01'),
(1299, 8, 58, 1, 'Vaccum Bag - 14x20', '37811.35', 58, '2023-07-28 19:49:01', '2023-07-28 19:49:01'),
(1300, 7, 68, 11, 'Flower - Dish Garden', '63181.66', 99, '2023-07-28 19:49:01', '2023-07-28 19:49:01'),
(1301, 8, 49, 10, 'Honey - Lavender', '81632.82', 83, '2023-07-28 19:49:01', '2023-07-28 19:49:01'),
(1302, 10, 87, 9, 'Smoked Tongue', '97380.14', 81, '2023-07-28 19:49:01', '2023-07-28 19:49:01'),
(1303, 3, 77, 3, 'Soup - Campbells - T', '35572.92', 63, '2023-07-28 19:49:01', '2023-07-28 19:49:01'),
(1304, 10, 68, 17, 'Jagermeister', '93273.61', 69, '2023-07-28 19:49:01', '2023-07-28 19:49:01'),
(1305, 9, 97, 17, 'Tofu - Soft', '40285.96', 16, '2023-07-28 19:49:01', '2023-07-28 19:49:01'),
(1306, 3, 60, 12, 'Easy Off Oven Cleane', '9363.19', 7, '2023-07-28 19:49:01', '2023-07-28 19:49:01'),
(1307, 5, 14, 8, 'Nantucket - Carrot O', '9256.52', 9, '2023-07-28 19:49:01', '2023-07-28 19:49:01'),
(1308, 8, 69, 16, 'Canada Dry', '47821.86', 64, '2023-07-28 19:49:01', '2023-07-28 19:49:01'),
(1309, 10, 72, 6, 'Carrots - Jumbo', '2857.46', 50, '2023-07-28 19:49:01', '2023-07-28 19:49:01'),
(1310, 4, 22, 10, 'Carbonated Water - O', '91953.76', 44, '2023-07-28 19:49:01', '2023-07-28 19:49:01'),
(1311, 7, 30, 1, 'Lambcasing', '22882.68', 54, '2023-07-28 19:49:01', '2023-07-28 19:49:01'),
(1312, 2, 51, 6, 'Crackers - Trio', '66477.88', 47, '2023-07-28 19:49:01', '2023-07-28 19:49:01'),
(1313, 6, 66, 6, 'Bacardi Breezer - St', '78563.33', 56, '2023-07-28 19:49:01', '2023-07-28 19:49:01'),
(1314, 2, 34, 11, 'Pasta - Tortellini, ', '84312.11', 16, '2023-07-28 19:49:01', '2023-07-28 19:49:01'),
(1315, 7, 11, 6, 'Pork - Back Ribs', '5980.10', 100, '2023-07-28 19:49:01', '2023-07-28 19:49:01'),
(1316, 5, 20, 10, 'Hold Up Tool Storage', '37368.21', 48, '2023-07-28 19:49:01', '2023-07-28 19:49:01'),
(1317, 9, 98, 16, 'Vacuum Bags 12x16', '33391.82', 6, '2023-07-28 19:49:01', '2023-07-28 19:49:01'),
(1318, 1, 78, 6, 'Carrots - Mini Red O', '88498.61', 16, '2023-07-28 19:49:01', '2023-07-28 19:49:01'),
(1319, 8, 59, 10, 'Energy Drink - Frank', '15225.42', 64, '2023-07-28 19:49:01', '2023-07-28 19:49:01'),
(1320, 3, 85, 7, 'Lamb - Rack', '44643.17', 67, '2023-07-28 19:49:01', '2023-07-28 19:49:01'),
(1321, 5, 51, 17, 'Bread - Corn Muffale', '86324.44', 32, '2023-07-28 19:49:01', '2023-07-28 19:49:01'),
(1322, 10, 88, 12, 'Compound - Strawberr', '76562.43', 32, '2023-07-28 19:49:01', '2023-07-28 19:49:01'),
(1323, 7, 27, 16, 'Cranberry Foccacia', '41282.33', 70, '2023-07-28 19:49:01', '2023-07-28 19:49:01'),
(1324, 9, 29, 6, 'Pasta - Fusili, Dry', '4123.60', 56, '2023-07-28 19:49:01', '2023-07-28 19:49:01'),
(1325, 9, 63, 13, 'Wine - Ej Gallo Sono', '56168.01', 71, '2023-07-28 19:49:01', '2023-07-28 19:49:01'),
(1326, 1, 75, 9, 'Carbonated Water - B', '69279.45', 98, '2023-07-28 19:49:01', '2023-07-28 19:49:01'),
(1327, 6, 25, 16, 'Table Cloth 90x90 Wh', '69157.82', 24, '2023-07-28 19:49:01', '2023-07-28 19:49:01'),
(1328, 7, 17, 11, 'Cheese - Wine', '1881.49', 2, '2023-07-28 19:49:01', '2023-07-28 19:49:01'),
(1329, 10, 16, 4, 'Nescafe - Frothy Fre', '21383.42', 17, '2023-07-28 19:49:01', '2023-07-28 19:49:01'),
(1330, 6, 95, 2, 'Pineapple - Golden', '77003.80', 80, '2023-07-28 19:49:01', '2023-07-28 19:49:01'),
(1331, 3, 12, 8, 'Juice - Pineapple, 4', '10641.75', 7, '2023-07-28 19:49:01', '2023-07-28 19:49:01'),
(1332, 4, 22, 10, 'Wine - Baron De Roth', '58090.71', 40, '2023-07-28 19:49:01', '2023-07-28 19:49:01'),
(1333, 9, 59, 14, 'Chicken - Whole', '55572.78', 46, '2023-07-28 19:49:01', '2023-07-28 19:49:01'),
(1334, 9, 87, 16, 'Creme De Cacao Mcgui', '30994.70', 83, '2023-07-28 19:49:01', '2023-07-28 19:49:01'),
(1335, 6, 42, 11, 'Parsley Italian - Fr', '18340.38', 2, '2023-07-28 19:49:01', '2023-07-28 19:49:01'),
(1336, 8, 73, 9, 'Cut Wakame - Hanawak', '3859.45', 40, '2023-07-28 19:49:01', '2023-07-28 19:49:01'),
(1337, 2, 70, 1, 'Beef - Ground, Extra', '92580.63', 68, '2023-07-28 19:49:01', '2023-07-28 19:49:01'),
(1338, 10, 32, 17, 'Bread Cranberry Focc', '47031.78', 29, '2023-07-28 19:49:01', '2023-07-28 19:49:01'),
(1339, 10, 71, 12, 'Wine - Lamancha Do C', '73630.86', 15, '2023-07-28 19:49:01', '2023-07-28 19:49:01'),
(1340, 10, 89, 14, 'Fond - Neutral', '47703.91', 76, '2023-07-28 19:49:01', '2023-07-28 19:49:01'),
(1341, 4, 26, 2, 'Wine - Ruffino Chian', '85584.86', 89, '2023-07-28 19:49:01', '2023-07-28 19:49:01'),
(1342, 1, 90, 11, 'Apple - Granny Smith', '88810.94', 51, '2023-07-28 19:49:01', '2023-07-28 19:49:01'),
(1343, 4, 78, 13, 'Oil - Peanut', '8890.00', 58, '2023-07-28 19:49:01', '2023-07-28 19:49:01'),
(1344, 8, 76, 17, 'Cheese - Swiss Slice', '69109.32', 79, '2023-07-28 19:49:01', '2023-07-28 19:49:01'),
(1345, 6, 91, 11, 'Pepsi - 600ml', '69103.75', 56, '2023-07-28 19:49:01', '2023-07-28 19:49:01'),
(1346, 10, 69, 6, 'Chips - Miss Vickies', '35384.54', 31, '2023-07-28 19:49:01', '2023-07-28 19:49:01'),
(1347, 9, 16, 8, 'Sardines', '15.83', 33, '2023-07-28 19:49:01', '2023-07-28 19:49:01'),
(1348, 9, 69, 17, 'Bread Sour Rolls', '6303.25', 87, '2023-07-28 19:49:01', '2023-07-28 19:49:01'),
(1349, 2, 53, 17, 'Shichimi Togarashi P', '78354.28', 99, '2023-07-28 19:49:01', '2023-07-28 19:49:01'),
(1350, 9, 27, 1, 'Tray - Foam, Square ', '62406.15', 71, '2023-07-28 19:49:01', '2023-07-28 19:49:01'),
(1351, 1, 79, 16, 'Sprouts - Onion', '6630.42', 10, '2023-07-28 19:49:01', '2023-07-28 19:49:01'),
(1352, 4, 92, 17, 'Pastry - Banana Tea ', '36834.63', 47, '2023-07-28 19:49:01', '2023-07-28 19:49:01'),
(1353, 1, 71, 2, 'Shallots', '23279.48', 34, '2023-07-28 19:49:01', '2023-07-28 19:49:01'),
(1354, 4, 22, 6, 'Shrimp - Baby, Cold ', '16804.52', 84, '2023-07-28 19:49:01', '2023-07-28 19:49:01'),
(1355, 10, 76, 4, 'Sauce - Apple, Unswe', '23930.71', 51, '2023-07-28 19:49:01', '2023-07-28 19:49:01'),
(1356, 2, 21, 16, 'Club Soda - Schweppe', '89098.47', 44, '2023-07-28 19:49:01', '2023-07-28 19:49:01'),
(1357, 10, 88, 14, 'Sauce - Demi Glace', '73058.57', 63, '2023-07-28 19:49:01', '2023-07-28 19:49:01'),
(1358, 2, 68, 12, 'Cake Circle, Paprus', '69487.37', 21, '2023-07-28 19:49:01', '2023-07-28 19:49:01'),
(1359, 2, 48, 4, 'Sauce - Hp', '13697.28', 44, '2023-07-28 19:49:01', '2023-07-28 19:49:01'),
(1360, 1, 20, 6, 'Dr. Pepper - 355ml', '83207.00', 36, '2023-07-28 19:49:01', '2023-07-28 19:49:01'),
(1361, 8, 94, 17, 'Jam - Marmalade, Ora', '67019.20', 66, '2023-07-28 19:49:01', '2023-07-28 19:49:01'),
(1362, 1, 93, 1, 'Wine - Rioja Campo V', '84413.41', 92, '2023-07-28 19:49:01', '2023-07-28 19:49:01'),
(1363, 7, 56, 1, 'Icecream - Dstk Supe', '73439.43', 52, '2023-07-28 19:49:01', '2023-07-28 19:49:01'),
(1364, 10, 89, 17, 'Carrots - Mini Red O', '95851.98', 2, '2023-07-28 19:49:01', '2023-07-28 19:49:01'),
(1365, 10, 7, 6, 'Pasta - Elbows, Maca', '74340.59', 94, '2023-07-28 19:49:01', '2023-07-28 19:49:01'),
(1366, 8, 68, 7, 'Plate - Foam, Bread ', '64023.68', 70, '2023-07-28 19:49:01', '2023-07-28 19:49:01'),
(1367, 6, 97, 13, 'Carrots - Jumbo', '97408.10', 7, '2023-07-28 19:49:01', '2023-07-28 19:49:01'),
(1368, 9, 35, 2, 'Nut - Macadamia', '14494.84', 60, '2023-07-28 19:49:01', '2023-07-28 19:49:01'),
(1369, 5, 44, 3, 'Oil - Shortening - A', '74937.24', 7, '2023-07-28 19:49:01', '2023-07-28 19:49:01'),
(1370, 1, 96, 5, 'Soup - Base Broth Be', '31733.72', 68, '2023-07-28 19:49:01', '2023-07-28 19:49:01'),
(1371, 2, 43, 4, 'Dip - Tapenade', '14011.39', 9, '2023-07-28 19:49:01', '2023-07-28 19:49:01'),
(1372, 10, 80, 16, 'Kiwi Gold Zespri', '3968.63', 22, '2023-07-28 19:49:01', '2023-07-28 19:49:01'),
(1373, 3, 92, 17, 'Pasta - Gnocchi, Pot', '965.05', 91, '2023-07-28 19:49:01', '2023-07-28 19:49:01'),
(1374, 2, 99, 6, 'Gatorade - Cool Blue', '62703.51', 43, '2023-07-28 19:49:01', '2023-07-28 19:49:01'),
(1375, 10, 100, 17, 'Juice - Apple, 500 M', '57318.48', 53, '2023-07-28 19:49:01', '2023-07-28 19:49:01'),
(1376, 4, 89, 11, 'Beans - Navy, Dry', '34824.60', 19, '2023-07-28 19:49:01', '2023-07-28 19:49:01'),
(1377, 9, 95, 12, 'Champagne - Brights,', '4634.42', 6, '2023-07-28 19:49:01', '2023-07-28 19:49:01'),
(1378, 2, 85, 12, 'Toamtoes 6x7 Select', '95275.66', 68, '2023-07-28 19:49:01', '2023-07-28 19:49:01'),
(1379, 3, 57, 7, 'Wooden Mop Handle', '28005.90', 37, '2023-07-28 19:49:01', '2023-07-28 19:49:01'),
(1380, 9, 98, 17, 'Crackers Cheez It', '20714.06', 86, '2023-07-28 19:49:01', '2023-07-28 19:49:01'),
(1381, 7, 83, 1, 'Beef - Top Butt', '62171.75', 41, '2023-07-28 19:49:01', '2023-07-28 19:49:01'),
(1382, 1, 70, 6, 'Crab - Dungeness, Wh', '51572.66', 7, '2023-07-28 19:49:01', '2023-07-28 19:49:01'),
(1383, 10, 13, 4, 'Dc - Frozen Momji', '57221.01', 81, '2023-07-28 19:49:01', '2023-07-28 19:49:01'),
(1384, 6, 15, 2, 'Artichokes - Knobles', '53317.16', 41, '2023-07-28 19:49:01', '2023-07-28 19:49:01'),
(1385, 1, 41, 9, 'Petit Baguette', '23593.51', 66, '2023-07-28 19:49:01', '2023-07-28 19:49:01'),
(1386, 5, 5, 5, 'Fennel', '38567.04', 99, '2023-07-28 19:49:01', '2023-07-28 19:49:01'),
(1387, 1, 93, 5, 'Chickhen - Chicken P', '58063.46', 30, '2023-07-28 19:49:01', '2023-07-28 19:49:01'),
(1388, 5, 37, 15, 'Bread Base - Italian', '55616.95', 93, '2023-07-28 19:49:01', '2023-07-28 19:49:01'),
(1389, 5, 30, 6, 'Kolrabi', '4743.32', 76, '2023-07-28 19:49:01', '2023-07-28 19:49:01'),
(1390, 10, 78, 9, 'Pears - Fiorelle', '64789.81', 55, '2023-07-28 19:49:01', '2023-07-28 19:49:01'),
(1391, 2, 29, 8, 'Basil - Pesto Sauce', '50940.61', 13, '2023-07-28 19:49:01', '2023-07-28 19:49:01'),
(1392, 6, 97, 11, 'Flour - Semolina', '59965.56', 57, '2023-07-28 19:49:01', '2023-07-28 19:49:01'),
(1393, 5, 52, 8, 'Coffee Decaf Colombi', '81609.51', 98, '2023-07-28 19:49:01', '2023-07-28 19:49:01'),
(1394, 5, 15, 8, 'Pasta - Detalini, Wh', '9442.21', 39, '2023-07-28 19:49:01', '2023-07-28 19:49:01'),
(1395, 10, 70, 15, 'Bread - Sticks, Thin', '5466.37', 48, '2023-07-28 19:49:01', '2023-07-28 19:49:01'),
(1396, 9, 31, 4, 'Lettuce - Iceberg', '36381.29', 71, '2023-07-28 19:49:01', '2023-07-28 19:49:01'),
(1397, 2, 8, 2, 'Vinegar - Balsamic, ', '17681.05', 72, '2023-07-28 19:49:01', '2023-07-28 19:49:01'),
(1398, 1, 33, 5, 'Pasta - Angel Hair', '55141.92', 56, '2023-07-28 19:49:01', '2023-07-28 19:49:01'),
(1399, 3, 5, 1, 'Whmis Spray Bottle G', '50028.35', 49, '2023-07-28 19:49:01', '2023-07-28 19:49:01'),
(1400, 8, 39, 10, 'Juice - Apple, 1.36l', '74595.46', 27, '2023-07-28 19:49:01', '2023-07-28 19:49:01'),
(1401, 7, 84, 17, 'Sloe Gin - Mcguinnes', '89553.94', 69, '2023-07-28 19:49:01', '2023-07-28 19:49:01'),
(1402, 9, 85, 12, 'Pears - Bosc', '83237.87', 68, '2023-07-28 19:49:01', '2023-07-28 19:49:01'),
(1403, 7, 89, 14, 'Soup Knorr Chili Wit', '5023.81', 97, '2023-07-28 19:49:01', '2023-07-28 19:49:01'),
(1404, 3, 54, 1, 'Club Soda - Schweppe', '87220.14', 51, '2023-07-28 19:49:01', '2023-07-28 19:49:01'),
(1405, 7, 2, 15, 'Soup - Campbells, Be', '59579.48', 10, '2023-07-28 19:49:01', '2023-07-28 19:49:01'),
(1406, 10, 24, 4, 'Carbonated Water - W', '56495.11', 92, '2023-07-28 19:49:01', '2023-07-28 19:49:01'),
(1407, 7, 24, 13, 'Tofu - Firm', '13212.80', 61, '2023-07-28 19:49:01', '2023-07-28 19:49:01'),
(1408, 9, 22, 17, 'Jam - Raspberry,jar', '82368.99', 77, '2023-07-28 19:49:01', '2023-07-28 19:49:01'),
(1409, 4, 66, 3, 'Bacardi Mojito', '46902.89', 31, '2023-07-28 19:49:01', '2023-07-28 19:49:01'),
(1410, 8, 79, 10, 'Cream - 18%', '28858.84', 69, '2023-07-28 19:49:01', '2023-07-28 19:49:01'),
(1411, 4, 22, 6, 'Pie Shells 10', '62710.37', 32, '2023-07-28 19:49:01', '2023-07-28 19:49:01'),
(1412, 2, 68, 5, 'Crab - Claws, Snow 1', '18837.80', 56, '2023-07-28 19:49:01', '2023-07-28 19:49:01'),
(1413, 10, 80, 6, 'Pepper - Yellow Bell', '37578.02', 96, '2023-07-28 19:49:01', '2023-07-28 19:49:01'),
(1414, 2, 70, 15, 'Cheese - Boursin, Ga', '76561.61', 3, '2023-07-28 19:49:01', '2023-07-28 19:49:01'),
(1415, 4, 71, 13, 'Gatorade - Cool Blue', '76791.66', 23, '2023-07-28 19:49:01', '2023-07-28 19:49:01'),
(1416, 4, 62, 9, 'Bag - Clear 7 Lb', '91531.19', 59, '2023-07-28 19:49:01', '2023-07-28 19:49:01'),
(1417, 8, 27, 8, 'Wine - Ej Gallo Sier', '75652.60', 91, '2023-07-28 19:49:01', '2023-07-28 19:49:01'),
(1418, 4, 70, 12, 'Tea - Honey Green Te', '28737.10', 13, '2023-07-28 19:49:01', '2023-07-28 19:49:01'),
(1419, 4, 28, 14, 'Crab - Dungeness, Wh', '12821.36', 58, '2023-07-28 19:49:01', '2023-07-28 19:49:01'),
(1420, 9, 62, 17, 'Bagel - Sesame Seed ', '88182.10', 7, '2023-07-28 19:49:01', '2023-07-28 19:49:01'),
(1421, 2, 93, 15, 'Pastry - Apple Large', '52389.28', 81, '2023-07-28 19:49:01', '2023-07-28 19:49:01'),
(1422, 10, 91, 17, 'Swiss Chard', '33656.39', 27, '2023-07-28 19:49:01', '2023-07-28 19:49:01'),
(1423, 5, 63, 13, 'Wine - Magnotta - Be', '62025.82', 32, '2023-07-28 19:49:01', '2023-07-28 19:49:01'),
(1424, 8, 94, 11, 'Toothpick Frilled', '21023.84', 87, '2023-07-28 19:49:01', '2023-07-28 19:49:01'),
(1425, 2, 15, 15, 'Lotus Rootlets - Can', '20040.96', 4, '2023-07-28 19:49:01', '2023-07-28 19:49:01'),
(1426, 5, 27, 2, 'Fond - Chocolate', '44992.20', 16, '2023-07-28 19:49:01', '2023-07-28 19:49:01'),
(1427, 6, 50, 4, 'Wine - Sauvignon Bla', '21201.20', 45, '2023-07-28 19:49:01', '2023-07-28 19:49:01'),
(1428, 10, 53, 14, 'Sauce Bbq Smokey', '41350.19', 53, '2023-07-28 19:49:01', '2023-07-28 19:49:01'),
(1429, 5, 90, 6, 'Pepper - Paprika, Sp', '93379.43', 84, '2023-07-28 19:49:01', '2023-07-28 19:49:01'),
(1430, 4, 63, 2, 'Capers - Pickled', '29167.66', 70, '2023-07-28 19:49:01', '2023-07-28 19:49:01'),
(1431, 2, 21, 8, 'Soup - Campbells Pas', '1748.82', 50, '2023-07-28 19:49:01', '2023-07-28 19:49:01'),
(1432, 7, 38, 17, 'Appetizer - Asian Sh', '5833.50', 24, '2023-07-28 19:49:01', '2023-07-28 19:49:01'),
(1433, 7, 89, 6, 'Wine - Shiraz Wolf B', '23240.95', 9, '2023-07-28 19:49:01', '2023-07-28 19:49:01'),
(1434, 9, 87, 4, 'Bread - 10 Grain', '16709.58', 93, '2023-07-28 19:49:01', '2023-07-28 19:49:01'),
(1435, 10, 95, 9, 'Muskox - French Rack', '67028.34', 25, '2023-07-28 19:49:01', '2023-07-28 19:49:01'),
(1436, 8, 88, 13, 'Beans - Soya Bean', '90828.63', 90, '2023-07-28 19:49:01', '2023-07-28 19:49:01'),
(1437, 7, 67, 7, 'Chicken - Diced, Coo', '26352.54', 45, '2023-07-28 19:49:01', '2023-07-28 19:49:01'),
(1438, 3, 54, 7, 'Nestea - Iced Tea', '77370.83', 42, '2023-07-28 19:49:01', '2023-07-28 19:49:01'),
(1439, 2, 18, 14, 'The Pop Shoppe - Cre', '48922.58', 65, '2023-07-28 19:49:01', '2023-07-28 19:49:01'),
(1440, 1, 57, 17, 'Ecolab Crystal Fusio', '87003.14', 94, '2023-07-28 19:49:01', '2023-07-28 19:49:01'),
(1441, 7, 63, 8, 'Wine - White, Ej', '90313.93', 49, '2023-07-28 19:49:01', '2023-07-28 19:49:01'),
(1442, 9, 75, 15, 'Melon - Cantaloupe', '55791.89', 0, '2023-07-28 19:49:01', '2023-07-28 19:49:01'),
(1443, 2, 58, 7, 'Chocolate - Chips Co', '41665.16', 67, '2023-07-28 19:49:01', '2023-07-28 19:49:01'),
(1444, 5, 79, 8, 'Bread - Pita, Mini', '17607.83', 99, '2023-07-28 19:49:01', '2023-07-28 19:49:01'),
(1445, 1, 58, 13, 'Stock - Beef, White', '77146.94', 51, '2023-07-28 19:49:01', '2023-07-28 19:49:01'),
(1446, 8, 53, 1, 'Wine - Cotes Du Rhon', '88600.10', 83, '2023-07-28 19:49:01', '2023-07-28 19:49:01'),
(1447, 8, 11, 4, 'Tuna - Yellowfin', '88300.20', 44, '2023-07-28 19:49:01', '2023-07-28 19:49:01'),
(1448, 10, 81, 1, 'Calypso - Pineapple ', '91989.26', 60, '2023-07-28 19:49:01', '2023-07-28 19:49:01'),
(1449, 5, 83, 9, 'Pork - Backs - Bonel', '59403.15', 4, '2023-07-28 19:49:01', '2023-07-28 19:49:01'),
(1450, 1, 41, 15, 'Wine - White, French', '31889.72', 13, '2023-07-28 19:49:01', '2023-07-28 19:49:01'),
(1451, 1, 2, 17, 'Sea Urchin', '91807.89', 94, '2023-07-28 19:49:01', '2023-07-28 19:49:01'),
(1452, 6, 64, 6, 'Lamb - Sausage Casin', '48744.35', 33, '2023-07-28 19:49:01', '2023-07-28 19:49:01'),
(1453, 4, 1, 16, 'Truffle Cups - White', '47118.02', 28, '2023-07-28 19:49:01', '2023-07-28 19:49:01'),
(1454, 8, 48, 4, 'Butter - Unsalted', '55647.58', 22, '2023-07-28 19:49:01', '2023-07-28 19:49:01'),
(1455, 5, 81, 13, 'Chinese Foods - Cant', '75616.09', 48, '2023-07-28 19:49:01', '2023-07-28 19:49:01'),
(1456, 3, 32, 3, 'Ice Cream - Fudge Ba', '35081.17', 32, '2023-07-28 19:49:01', '2023-07-28 19:49:01'),
(1457, 5, 98, 15, 'Appetizer - Mango Ch', '96923.51', 58, '2023-07-28 19:49:01', '2023-07-28 19:49:01'),
(1458, 2, 49, 1, 'Bread - Wheat Baguet', '36542.91', 89, '2023-07-28 19:49:01', '2023-07-28 19:49:01'),
(1459, 8, 2, 14, 'Beans - Fava, Canned', '9957.30', 61, '2023-07-28 19:49:01', '2023-07-28 19:49:01'),
(1460, 5, 82, 14, 'Energy Drink Red Bul', '49627.03', 62, '2023-07-28 19:49:01', '2023-07-28 19:49:01'),
(1461, 1, 91, 4, 'Mayonnaise - Individ', '36777.21', 16, '2023-07-28 19:49:01', '2023-07-28 19:49:01'),
(1462, 4, 64, 10, 'Allspice - Jamaican', '99958.23', 51, '2023-07-28 19:49:01', '2023-07-28 19:49:01'),
(1463, 8, 73, 12, 'Rum - Spiced, Captai', '53855.08', 30, '2023-07-28 19:49:01', '2023-07-28 19:49:01'),
(1464, 2, 7, 7, 'Club Soda - Schweppe', '76540.40', 73, '2023-07-28 19:49:01', '2023-07-28 19:49:01'),
(1465, 9, 93, 12, 'Mussels - Frozen', '59841.64', 26, '2023-07-28 19:49:01', '2023-07-28 19:49:01'),
(1466, 10, 71, 1, 'Pepper - Red Thai', '53305.95', 43, '2023-07-28 19:49:01', '2023-07-28 19:49:01'),
(1467, 1, 71, 12, 'Cactus Pads', '92211.91', 65, '2023-07-28 19:49:01', '2023-07-28 19:49:01'),
(1468, 6, 71, 2, 'Hot Choc Vending', '41806.58', 12, '2023-07-28 19:49:01', '2023-07-28 19:49:01'),
(1469, 3, 9, 13, 'Bread - Rolls, Corn', '58163.23', 43, '2023-07-28 19:49:01', '2023-07-28 19:49:01'),
(1470, 6, 9, 11, 'Pasta - Lasagne, Fre', '18206.48', 56, '2023-07-28 19:49:01', '2023-07-28 19:49:01'),
(1471, 5, 17, 10, 'Toamtoes 6x7 Select', '55471.89', 27, '2023-07-28 19:49:01', '2023-07-28 19:49:01'),
(1472, 10, 39, 9, 'Pan Grease', '28169.60', 82, '2023-07-28 19:49:01', '2023-07-28 19:49:01'),
(1473, 9, 3, 7, 'Pomegranates', '54393.33', 60, '2023-07-28 19:49:01', '2023-07-28 19:49:01'),
(1474, 7, 66, 17, 'Scallops - 20/30', '98198.83', 98, '2023-07-28 19:49:01', '2023-07-28 19:49:01'),
(1475, 9, 58, 2, 'Rice Paper', '45093.29', 41, '2023-07-28 19:49:01', '2023-07-28 19:49:01'),
(1476, 4, 29, 4, 'Energy Drink', '21741.16', 55, '2023-07-28 19:49:01', '2023-07-28 19:49:01'),
(1477, 5, 27, 10, 'Tea - Orange Pekoe', '592.11', 93, '2023-07-28 19:49:01', '2023-07-28 19:49:01'),
(1478, 4, 83, 5, 'Beef - Inside Round', '50429.64', 4, '2023-07-28 19:49:01', '2023-07-28 19:49:01'),
(1479, 4, 73, 15, 'Cinnamon Buns Sticky', '2148.66', 2, '2023-07-28 19:49:01', '2023-07-28 19:49:01'),
(1480, 10, 28, 9, 'Cheese - Le Cheve No', '92336.96', 42, '2023-07-28 19:49:01', '2023-07-28 19:49:01'),
(1481, 4, 76, 2, 'Seaweed Green Sheets', '2550.65', 45, '2023-07-28 19:49:01', '2023-07-28 19:49:01'),
(1482, 7, 20, 1, 'Sobe - Orange Carrot', '96293.07', 37, '2023-07-28 19:49:01', '2023-07-28 19:49:01'),
(1483, 7, 99, 16, 'Cheese - Sheep Milk', '36970.46', 19, '2023-07-28 19:49:01', '2023-07-28 19:49:01'),
(1484, 9, 87, 10, 'Tea - Honey Green Te', '50060.82', 75, '2023-07-28 19:49:01', '2023-07-28 19:49:01'),
(1485, 8, 78, 5, 'Salmon - Atlantic, N', '63000.72', 41, '2023-07-28 19:49:01', '2023-07-28 19:49:01'),
(1486, 5, 88, 11, 'Tequila Rose Cream L', '49130.74', 4, '2023-07-28 19:49:01', '2023-07-28 19:49:01'),
(1487, 9, 53, 2, 'Lamb - Shoulder, Bon', '15930.09', 24, '2023-07-28 19:49:01', '2023-07-28 19:49:01'),
(1488, 3, 16, 14, 'Beef - Top Sirloin -', '24054.01', 2, '2023-07-28 19:49:01', '2023-07-28 19:49:01'),
(1489, 9, 19, 7, 'Brocolinni - Gaylan,', '75455.41', 87, '2023-07-28 19:49:01', '2023-07-28 19:49:01'),
(1490, 5, 36, 12, 'Wine - Mondavi Coast', '98951.51', 20, '2023-07-28 19:49:01', '2023-07-28 19:49:01'),
(1491, 7, 9, 9, 'Gelatine Powder', '95007.32', 12, '2023-07-28 19:49:01', '2023-07-28 19:49:01'),
(1492, 3, 39, 6, 'Kumquat', '11755.41', 13, '2023-07-28 19:49:01', '2023-07-28 19:49:01'),
(1493, 6, 4, 4, 'Pepper - Chilli Seed', '96143.38', 15, '2023-07-28 19:49:01', '2023-07-28 19:49:01'),
(1494, 10, 5, 4, 'Wine - Casablanca Va', '69847.58', 42, '2023-07-28 19:49:01', '2023-07-28 19:49:01'),
(1495, 3, 33, 7, 'Hold Up Tool Storage', '83301.65', 98, '2023-07-28 19:49:01', '2023-07-28 19:49:01'),
(1496, 5, 14, 2, 'Salmon - Smoked, Sli', '19507.64', 99, '2023-07-28 19:49:01', '2023-07-28 19:49:01'),
(1497, 10, 67, 5, 'Bacardi Mojito', '70710.93', 69, '2023-07-28 19:49:01', '2023-07-28 19:49:01'),
(1498, 9, 60, 1, 'Table Cloth 54x72 Co', '22022.78', 82, '2023-07-28 19:49:01', '2023-07-28 19:49:01'),
(1499, 2, 68, 15, 'Lamb Shoulder Bonele', '28382.71', 53, '2023-07-28 19:49:01', '2023-07-28 19:49:01');


INSERT INTO `products` (`id`, `branch_office_id`, `provider_id`, `category_id`, `name`, `price`, `stock`, `createdAt`, `updatedAt`) VALUES
(1500, 5, 7, 17, 'Beer - Guiness', '44795.43', 38, '2023-07-28 19:49:01', '2023-07-28 19:49:01'),
(1501, 2, 88, 15, 'Soup - French Onion,', '43985.77', 38, '2023-07-28 19:49:01', '2023-07-28 19:49:01'),
(1502, 4, 7, 11, 'Cheese - Sheep Milk', '21617.94', 38, '2023-07-28 19:49:01', '2023-07-28 19:49:01'),
(1503, 2, 3, 12, 'Coffee - Ristretto C', '86304.17', 13, '2023-07-28 19:49:01', '2023-07-28 19:49:01'),
(1504, 8, 22, 1, 'Dc - Sakura Fu', '10958.49', 61, '2023-07-28 19:49:01', '2023-07-28 19:49:01'),
(1505, 3, 35, 4, 'Cheese - Augre Des C', '39075.69', 17, '2023-07-28 19:49:01', '2023-07-28 19:49:01'),
(1506, 7, 97, 7, 'Eggwhite Frozen', '66274.04', 21, '2023-07-28 19:49:01', '2023-07-28 19:49:01'),
(1507, 1, 79, 9, 'Sauce - Marinara', '9517.56', 28, '2023-07-28 19:49:01', '2023-07-28 19:49:01'),
(1508, 9, 24, 6, 'Bread - Wheat Baguet', '96351.29', 62, '2023-07-28 19:49:01', '2023-07-28 19:49:01'),
(1509, 9, 79, 9, 'Kaffir Lime Leaves', '98254.04', 91, '2023-07-28 19:49:01', '2023-07-28 19:49:01'),
(1510, 7, 76, 4, 'Red Pepper Paste', '73354.52', 46, '2023-07-28 19:49:01', '2023-07-28 19:49:01'),
(1511, 9, 85, 6, 'Carrots - Purple, Or', '33732.15', 45, '2023-07-28 19:49:01', '2023-07-28 19:49:01'),
(1512, 7, 25, 12, 'Duck - Fat', '38763.52', 82, '2023-07-28 19:49:01', '2023-07-28 19:49:01'),
(1513, 6, 1, 13, 'Tortillas - Flour, 8', '4271.48', 32, '2023-07-28 19:49:01', '2023-07-28 19:49:01'),
(1514, 1, 48, 1, 'Bread - Sticks, Thin', '27322.80', 15, '2023-07-28 19:49:01', '2023-07-28 19:49:01'),
(1515, 5, 38, 10, 'Tequila - Sauza Silv', '73665.58', 41, '2023-07-28 19:49:01', '2023-07-28 19:49:01'),
(1516, 5, 99, 8, 'Pasta - Lasagna, Dry', '33765.81', 82, '2023-07-28 19:49:01', '2023-07-28 19:49:01'),
(1517, 5, 84, 9, 'Mushroom - Porcini F', '5337.91', 73, '2023-07-28 19:49:01', '2023-07-28 19:49:01'),
(1518, 4, 94, 9, 'Wine - Cave Springs ', '79104.96', 26, '2023-07-28 19:49:01', '2023-07-28 19:49:01'),
(1519, 6, 32, 14, 'Asparagus - White, F', '29157.64', 48, '2023-07-28 19:49:01', '2023-07-28 19:49:01'),
(1520, 3, 88, 5, 'Soup - Campbells, Bu', '71458.17', 33, '2023-07-28 19:49:01', '2023-07-28 19:49:01'),
(1521, 7, 17, 7, 'Melon - Honey Dew', '11541.19', 84, '2023-07-28 19:49:01', '2023-07-28 19:49:01'),
(1522, 7, 24, 13, 'Pastry - Cherry Dani', '76031.10', 1, '2023-07-28 19:49:01', '2023-07-28 19:49:01'),
(1523, 8, 94, 12, 'Cleaner - Comet', '4901.94', 56, '2023-07-28 19:49:01', '2023-07-28 19:49:01'),
(1524, 2, 65, 7, 'Chicken Breast Wing ', '59397.16', 72, '2023-07-28 19:49:01', '2023-07-28 19:49:01'),
(1525, 10, 35, 15, 'Energy - Boo - Koo', '95512.42', 32, '2023-07-28 19:49:01', '2023-07-28 19:49:01'),
(1526, 4, 92, 5, 'Chicken - Whole Frye', '88008.07', 9, '2023-07-28 19:49:01', '2023-07-28 19:49:01'),
(1527, 4, 38, 17, 'Mini - Vol Au Vents', '95891.17', 6, '2023-07-28 19:49:01', '2023-07-28 19:49:01'),
(1528, 4, 28, 15, 'Truffle - Whole Blac', '59762.06', 74, '2023-07-28 19:49:01', '2023-07-28 19:49:01'),
(1529, 3, 95, 3, 'Milk - 1%', '29040.87', 15, '2023-07-28 19:49:01', '2023-07-28 19:49:01'),
(1530, 9, 95, 10, 'Sugar - Brown', '48898.77', 21, '2023-07-28 19:49:01', '2023-07-28 19:49:01'),
(1531, 4, 29, 1, 'Pepper - Chipotle, C', '94735.08', 77, '2023-07-28 19:49:01', '2023-07-28 19:49:01'),
(1532, 9, 48, 16, 'Soup - Knorr, Minist', '56084.10', 99, '2023-07-28 19:49:01', '2023-07-28 19:49:01'),
(1533, 8, 5, 10, 'Soup Campbells - Tom', '9383.76', 62, '2023-07-28 19:49:01', '2023-07-28 19:49:01'),
(1534, 9, 100, 15, 'Skewers - Bamboo', '44379.41', 89, '2023-07-28 19:49:01', '2023-07-28 19:49:01'),
(1535, 6, 60, 17, 'Pepper - Julienne, F', '40413.40', 0, '2023-07-28 19:49:01', '2023-07-28 19:49:01'),
(1536, 10, 55, 17, 'Tamarind Paste', '668.90', 7, '2023-07-28 19:49:01', '2023-07-28 19:49:01'),
(1537, 2, 5, 10, 'Beef - Top Butt', '1145.16', 97, '2023-07-28 19:49:01', '2023-07-28 19:49:01'),
(1538, 6, 56, 14, 'Pepper - Black, Crus', '66491.36', 39, '2023-07-28 19:49:01', '2023-07-28 19:49:01'),
(1539, 8, 27, 5, 'Basil - Fresh', '37880.26', 45, '2023-07-28 19:49:01', '2023-07-28 19:49:01'),
(1540, 9, 7, 1, 'Lemonade - Black Che', '32270.67', 6, '2023-07-28 19:49:01', '2023-07-28 19:49:01'),
(1541, 3, 37, 6, 'Tortillas - Flour, 1', '41763.56', 33, '2023-07-28 19:49:01', '2023-07-28 19:49:01'),
(1542, 9, 31, 15, 'Cabbage - Nappa', '51789.33', 43, '2023-07-28 19:49:01', '2023-07-28 19:49:01'),
(1543, 9, 96, 17, 'Icecream Cone - Areo', '38099.40', 16, '2023-07-28 19:49:01', '2023-07-28 19:49:01'),
(1544, 8, 29, 16, 'Creme De Menthe Gree', '92076.24', 49, '2023-07-28 19:49:01', '2023-07-28 19:49:01'),
(1545, 4, 92, 12, 'Wine - Cousino Macul', '85184.25', 80, '2023-07-28 19:49:01', '2023-07-28 19:49:01'),
(1546, 4, 48, 2, 'Soup - Campbells Bea', '64847.99', 96, '2023-07-28 19:49:01', '2023-07-28 19:49:01'),
(1547, 7, 70, 11, 'Truffle Shells - Sem', '14561.60', 81, '2023-07-28 19:49:01', '2023-07-28 19:49:01'),
(1548, 6, 49, 9, 'Otomegusa Dashi Konb', '29526.21', 97, '2023-07-28 19:49:01', '2023-07-28 19:49:01'),
(1549, 7, 86, 14, 'Sauce - Ranch Dressi', '44777.72', 63, '2023-07-28 19:49:01', '2023-07-28 19:49:01'),
(1550, 9, 67, 14, 'Truffle Paste', '36708.69', 100, '2023-07-28 19:49:01', '2023-07-28 19:49:01'),
(1551, 1, 3, 4, 'Egg Patty Fried', '44152.33', 6, '2023-07-28 19:49:01', '2023-07-28 19:49:01'),
(1552, 4, 94, 11, 'Longos - Chicken Cae', '86465.21', 81, '2023-07-28 19:49:01', '2023-07-28 19:49:01'),
(1553, 7, 29, 15, 'Irish Cream - Butter', '63791.71', 31, '2023-07-28 19:49:01', '2023-07-28 19:49:01'),
(1554, 10, 78, 12, 'Halibut - Fletches', '29398.72', 87, '2023-07-28 19:49:01', '2023-07-28 19:49:01'),
(1555, 3, 54, 12, 'Wine - Pinot Noir St', '60670.87', 29, '2023-07-28 19:49:01', '2023-07-28 19:49:01'),
(1556, 6, 45, 13, 'Potatoes - Idaho 80 ', '12479.96', 43, '2023-07-28 19:49:01', '2023-07-28 19:49:01'),
(1557, 10, 7, 14, 'Maintenance Removal ', '26512.20', 9, '2023-07-28 19:49:01', '2023-07-28 19:49:01'),
(1558, 10, 15, 14, 'Dried Cranberries', '94961.31', 7, '2023-07-28 19:49:01', '2023-07-28 19:49:01'),
(1559, 5, 61, 17, 'Onions - Red', '95093.92', 32, '2023-07-28 19:49:01', '2023-07-28 19:49:01'),
(1560, 5, 3, 4, 'Dried Peach', '23575.83', 20, '2023-07-28 19:49:01', '2023-07-28 19:49:01'),
(1561, 9, 87, 8, 'Ecolab - Hobart Wash', '23417.40', 71, '2023-07-28 19:49:01', '2023-07-28 19:49:01'),
(1562, 2, 20, 11, 'Energy Drink - Frank', '65316.60', 87, '2023-07-28 19:49:01', '2023-07-28 19:49:01'),
(1563, 6, 12, 3, 'Pork - Loin, Center ', '93632.27', 15, '2023-07-28 19:49:01', '2023-07-28 19:49:01'),
(1564, 6, 100, 1, 'Bandage - Fexible 1x', '22299.94', 35, '2023-07-28 19:49:01', '2023-07-28 19:49:01'),
(1565, 1, 4, 5, 'Vinegar - Balsamic', '79105.29', 37, '2023-07-28 19:49:01', '2023-07-28 19:49:01'),
(1566, 8, 3, 1, 'Bread - Dark Rye', '66193.51', 95, '2023-07-28 19:49:01', '2023-07-28 19:49:01'),
(1567, 4, 10, 7, 'Bar Special K', '93228.52', 75, '2023-07-28 19:49:01', '2023-07-28 19:49:01'),
(1568, 7, 52, 17, 'Assorted Desserts', '81762.40', 30, '2023-07-28 19:49:01', '2023-07-28 19:49:01'),
(1569, 4, 26, 9, 'Sauce - White, Mix', '74384.90', 62, '2023-07-28 19:49:01', '2023-07-28 19:49:01'),
(1570, 8, 86, 9, 'Pasta - Cheese / Spi', '16005.27', 35, '2023-07-28 19:49:01', '2023-07-28 19:49:01'),
(1571, 7, 62, 9, 'Jack Daniels', '74633.24', 30, '2023-07-28 19:49:01', '2023-07-28 19:49:01'),
(1572, 8, 63, 13, 'Sambuca Cream', '34862.39', 33, '2023-07-28 19:49:01', '2023-07-28 19:49:01'),
(1573, 2, 86, 4, 'Oxtail - Cut', '65074.93', 48, '2023-07-28 19:49:01', '2023-07-28 19:49:01'),
(1574, 1, 54, 1, 'Longos - Chicken Cur', '55056.18', 51, '2023-07-28 19:49:01', '2023-07-28 19:49:01'),
(1575, 3, 23, 4, 'Carrots - Jumbo', '14577.81', 85, '2023-07-28 19:49:01', '2023-07-28 19:49:01'),
(1576, 6, 55, 4, 'Ostrich - Prime Cut', '16058.53', 13, '2023-07-28 19:49:01', '2023-07-28 19:49:01'),
(1577, 1, 67, 9, 'Pomello', '21498.90', 16, '2023-07-28 19:49:01', '2023-07-28 19:49:01'),
(1578, 9, 85, 5, 'Wine - Shiraz South ', '39210.84', 74, '2023-07-28 19:49:01', '2023-07-28 19:49:01'),
(1579, 9, 7, 10, 'Chips Potato Reg 43g', '61488.09', 65, '2023-07-28 19:49:01', '2023-07-28 19:49:01'),
(1580, 6, 13, 3, 'Cocktail Napkin Blue', '94988.35', 28, '2023-07-28 19:49:01', '2023-07-28 19:49:01'),
(1581, 8, 69, 3, 'Lamb - Shanks', '1462.01', 17, '2023-07-28 19:49:01', '2023-07-28 19:49:01'),
(1582, 5, 60, 5, 'Coconut Milk - Unswe', '46590.23', 28, '2023-07-28 19:49:01', '2023-07-28 19:49:01'),
(1583, 2, 23, 9, 'Beef - Tenderloin', '20545.32', 23, '2023-07-28 19:49:01', '2023-07-28 19:49:01'),
(1584, 7, 18, 16, 'Pate - Cognac', '36425.27', 80, '2023-07-28 19:49:01', '2023-07-28 19:49:01'),
(1585, 6, 95, 12, 'Sausage - Breakfast', '97348.02', 88, '2023-07-28 19:49:01', '2023-07-28 19:49:01'),
(1586, 7, 22, 14, 'Tea - Camomele', '32446.96', 79, '2023-07-28 19:49:01', '2023-07-28 19:49:01'),
(1587, 3, 2, 15, 'Pasta - Tortellini, ', '4542.28', 6, '2023-07-28 19:49:01', '2023-07-28 19:49:01'),
(1588, 5, 38, 7, 'Salt - Table', '24092.58', 51, '2023-07-28 19:49:01', '2023-07-28 19:49:01'),
(1589, 4, 2, 9, 'Tamarind Paste', '14806.56', 85, '2023-07-28 19:49:01', '2023-07-28 19:49:01'),
(1590, 8, 41, 3, 'Apple - Northern Spy', '67657.74', 73, '2023-07-28 19:49:01', '2023-07-28 19:49:01'),
(1591, 10, 22, 5, 'Beef - Baby, Liver', '8504.15', 0, '2023-07-28 19:49:01', '2023-07-28 19:49:01'),
(1592, 7, 41, 16, 'Bread - Multigrain O', '23628.85', 93, '2023-07-28 19:49:01', '2023-07-28 19:49:01'),
(1593, 10, 51, 10, 'Wine - Pinot Grigio ', '30244.83', 79, '2023-07-28 19:49:01', '2023-07-28 19:49:01'),
(1594, 7, 100, 4, 'Beer - Labatt Blue', '13216.82', 37, '2023-07-28 19:49:01', '2023-07-28 19:49:01'),
(1595, 5, 69, 4, 'Macaroons - Homestyl', '43484.15', 79, '2023-07-28 19:49:01', '2023-07-28 19:49:01'),
(1596, 10, 18, 6, 'Beer - Upper Canada ', '73829.42', 59, '2023-07-28 19:49:01', '2023-07-28 19:49:01'),
(1597, 6, 36, 5, 'Milk - Chocolate 250', '80796.75', 92, '2023-07-28 19:49:01', '2023-07-28 19:49:01'),
(1598, 2, 27, 17, 'Bar - Sweet And Salt', '75370.70', 31, '2023-07-28 19:49:01', '2023-07-28 19:49:01'),
(1599, 4, 99, 8, 'Table Cloth 62x120 C', '77252.69', 39, '2023-07-28 19:49:01', '2023-07-28 19:49:01'),
(1600, 6, 11, 3, 'Ice Cream - Chocolat', '56876.55', 82, '2023-07-28 19:49:02', '2023-07-28 19:49:02'),
(1601, 8, 5, 4, 'Bacardi Raspberry', '56966.78', 66, '2023-07-28 19:49:02', '2023-07-28 19:49:02'),
(1602, 9, 93, 9, 'Tart Shells - Savory', '27545.82', 0, '2023-07-28 19:49:02', '2023-07-28 19:49:02'),
(1603, 3, 97, 12, 'Pepsi - 600ml', '84517.87', 56, '2023-07-28 19:49:02', '2023-07-28 19:49:02'),
(1604, 6, 20, 5, 'Ezy Change Mophandle', '71748.53', 30, '2023-07-28 19:49:02', '2023-07-28 19:49:02'),
(1605, 1, 55, 12, 'Bread - Raisin Walnu', '63967.24', 1, '2023-07-28 19:49:02', '2023-07-28 19:49:02'),
(1606, 5, 33, 9, 'Bread - White Mini E', '89560.54', 36, '2023-07-28 19:49:02', '2023-07-28 19:49:02'),
(1607, 6, 83, 8, 'Bread - Pain Au Liat', '35841.11', 52, '2023-07-28 19:49:02', '2023-07-28 19:49:02'),
(1608, 2, 20, 10, 'Table Cloth 54x72 Wh', '65583.01', 24, '2023-07-28 19:49:02', '2023-07-28 19:49:02'),
(1609, 8, 89, 6, 'Bread - Ciabatta Bun', '20651.66', 52, '2023-07-28 19:49:02', '2023-07-28 19:49:02'),
(1610, 9, 48, 16, 'Liquid Aminios Acid ', '70749.16', 30, '2023-07-28 19:49:02', '2023-07-28 19:49:02'),
(1611, 10, 19, 2, 'Straws - Cocktale', '10128.59', 80, '2023-07-28 19:49:02', '2023-07-28 19:49:02'),
(1612, 7, 75, 15, 'Sugar - Palm', '68520.22', 40, '2023-07-28 19:49:02', '2023-07-28 19:49:02'),
(1613, 5, 43, 14, 'Coffee - Almond Amar', '61223.43', 75, '2023-07-28 19:49:02', '2023-07-28 19:49:02'),
(1614, 1, 8, 4, 'Wine - George Duboeu', '53431.84', 4, '2023-07-28 19:49:02', '2023-07-28 19:49:02'),
(1615, 4, 54, 16, 'Beef - Montreal Smok', '68069.43', 97, '2023-07-28 19:49:02', '2023-07-28 19:49:02'),
(1616, 4, 75, 14, 'Cake - Pancake', '97471.49', 3, '2023-07-28 19:49:02', '2023-07-28 19:49:02'),
(1617, 3, 50, 11, 'Wine - Spumante Bamb', '77906.83', 13, '2023-07-28 19:49:02', '2023-07-28 19:49:02'),
(1618, 9, 67, 1, 'Nestea - Ice Tea, Di', '10441.85', 76, '2023-07-28 19:49:02', '2023-07-28 19:49:02'),
(1619, 7, 47, 7, 'Wine - Chardonnay Mo', '97589.90', 62, '2023-07-28 19:49:02', '2023-07-28 19:49:02'),
(1620, 8, 55, 7, 'Towel - Roll White', '63140.97', 88, '2023-07-28 19:49:02', '2023-07-28 19:49:02'),
(1621, 8, 72, 15, 'Spaghetti Squash', '10275.54', 36, '2023-07-28 19:49:02', '2023-07-28 19:49:02'),
(1622, 1, 88, 17, 'Beans - Black Bean, ', '49660.25', 72, '2023-07-28 19:49:02', '2023-07-28 19:49:02'),
(1623, 9, 85, 15, 'Mix Pina Colada', '68055.04', 47, '2023-07-28 19:49:02', '2023-07-28 19:49:02'),
(1624, 2, 28, 17, 'Oregano - Dry, Rubbe', '78364.24', 11, '2023-07-28 19:49:02', '2023-07-28 19:49:02'),
(1625, 5, 92, 13, 'Wine - Rhine Rieslin', '18356.85', 49, '2023-07-28 19:49:02', '2023-07-28 19:49:02'),
(1626, 5, 20, 7, 'Bread - Granary Smal', '93237.66', 50, '2023-07-28 19:49:02', '2023-07-28 19:49:02'),
(1627, 6, 28, 12, 'Chocolate - Milk, Ca', '56325.36', 95, '2023-07-28 19:49:02', '2023-07-28 19:49:02'),
(1628, 6, 72, 11, 'Cookie Dough - Chunk', '51707.66', 38, '2023-07-28 19:49:02', '2023-07-28 19:49:02'),
(1629, 3, 49, 13, 'Veal - Kidney', '70693.75', 72, '2023-07-28 19:49:02', '2023-07-28 19:49:02'),
(1630, 10, 31, 1, 'Jam - Strawberry, 20', '62696.79', 75, '2023-07-28 19:49:02', '2023-07-28 19:49:02'),
(1631, 1, 93, 12, 'Pastry - Cheese Bake', '39426.33', 0, '2023-07-28 19:49:02', '2023-07-28 19:49:02'),
(1632, 10, 27, 12, 'Sauce - Ranch Dressi', '48944.33', 44, '2023-07-28 19:49:02', '2023-07-28 19:49:02'),
(1633, 8, 52, 1, 'Wine - Baron De Roth', '21659.46', 23, '2023-07-28 19:49:02', '2023-07-28 19:49:02'),
(1634, 7, 16, 2, 'Rabbit - Frozen', '39415.07', 60, '2023-07-28 19:49:02', '2023-07-28 19:49:02'),
(1635, 9, 64, 1, 'Pastry - Baked Cinna', '20165.49', 23, '2023-07-28 19:49:02', '2023-07-28 19:49:02'),
(1636, 7, 5, 3, 'Duck - Breast', '14078.01', 17, '2023-07-28 19:49:02', '2023-07-28 19:49:02'),
(1637, 9, 50, 6, 'Pear - Halves', '39602.56', 54, '2023-07-28 19:49:02', '2023-07-28 19:49:02'),
(1638, 7, 63, 10, 'Steampan Lid', '78269.38', 78, '2023-07-28 19:49:02', '2023-07-28 19:49:02'),
(1639, 10, 77, 11, 'Wine - Chateau Timbe', '68642.15', 60, '2023-07-28 19:49:02', '2023-07-28 19:49:02'),
(1640, 4, 93, 2, 'Nut - Hazelnut, Grou', '36245.36', 26, '2023-07-28 19:49:02', '2023-07-28 19:49:02'),
(1641, 8, 88, 17, 'Beef - Tongue, Fresh', '20142.71', 34, '2023-07-28 19:49:02', '2023-07-28 19:49:02'),
(1642, 3, 29, 13, 'Oil - Avocado', '35932.50', 70, '2023-07-28 19:49:02', '2023-07-28 19:49:02'),
(1643, 7, 14, 13, 'Bagelers - Cinn / Br', '77146.36', 57, '2023-07-28 19:49:02', '2023-07-28 19:49:02'),
(1644, 5, 45, 4, 'Sobe - Tropical Ener', '21498.58', 18, '2023-07-28 19:49:02', '2023-07-28 19:49:02'),
(1645, 4, 3, 10, 'Salt - Kosher', '85464.60', 54, '2023-07-28 19:49:02', '2023-07-28 19:49:02'),
(1646, 3, 91, 5, 'Salt - Kosher', '84421.62', 31, '2023-07-28 19:49:02', '2023-07-28 19:49:02'),
(1647, 3, 63, 16, 'Potatoes - Mini Red', '83859.55', 74, '2023-07-28 19:49:02', '2023-07-28 19:49:02'),
(1648, 8, 67, 8, 'Scallops - U - 10', '80202.65', 4, '2023-07-28 19:49:02', '2023-07-28 19:49:02'),
(1649, 7, 40, 6, 'Kellogs Raisan Bran ', '4129.34', 27, '2023-07-28 19:49:02', '2023-07-28 19:49:02'),
(1650, 9, 37, 13, 'Turkey - Oven Roast ', '92877.72', 79, '2023-07-28 19:49:02', '2023-07-28 19:49:02'),
(1651, 1, 10, 8, 'Cheese - Pont Couver', '37929.23', 56, '2023-07-28 19:49:02', '2023-07-28 19:49:02'),
(1652, 2, 14, 13, 'Chip - Potato Dill P', '56103.88', 28, '2023-07-28 19:49:02', '2023-07-28 19:49:02'),
(1653, 5, 72, 7, 'Bread - Bagels, Mini', '39930.36', 26, '2023-07-28 19:49:02', '2023-07-28 19:49:02'),
(1654, 6, 90, 14, 'Anisette - Mcguiness', '84454.39', 16, '2023-07-28 19:49:02', '2023-07-28 19:49:02'),
(1655, 5, 37, 4, 'Vermouth - Sweet, Ci', '96912.07', 53, '2023-07-28 19:49:02', '2023-07-28 19:49:02'),
(1656, 4, 31, 5, 'Dried Apple', '82234.94', 2, '2023-07-28 19:49:02', '2023-07-28 19:49:02'),
(1657, 8, 59, 3, 'Rye Special Old', '48723.74', 68, '2023-07-28 19:49:02', '2023-07-28 19:49:02'),
(1658, 2, 31, 6, 'Bread - Bagels, Mini', '37777.44', 79, '2023-07-28 19:49:02', '2023-07-28 19:49:02'),
(1659, 2, 54, 13, 'Olives - Morracan Di', '58084.31', 55, '2023-07-28 19:49:02', '2023-07-28 19:49:02'),
(1660, 5, 65, 10, 'Wine - Cave Springs ', '64716.92', 35, '2023-07-28 19:49:02', '2023-07-28 19:49:02'),
(1661, 6, 41, 13, 'Horseradish - Prepar', '69227.55', 32, '2023-07-28 19:49:02', '2023-07-28 19:49:02'),
(1662, 1, 35, 16, 'Salmon - Smoked, Sli', '15601.17', 42, '2023-07-28 19:49:02', '2023-07-28 19:49:02'),
(1663, 8, 4, 5, '7up Diet, 355 Ml', '79795.23', 41, '2023-07-28 19:49:02', '2023-07-28 19:49:02'),
(1664, 5, 35, 10, 'Beef - Cow Feet Spli', '85983.73', 63, '2023-07-28 19:49:02', '2023-07-28 19:49:02'),
(1665, 9, 54, 11, 'Corn Shoots', '68160.90', 12, '2023-07-28 19:49:02', '2023-07-28 19:49:02'),
(1666, 1, 81, 14, 'Wine - German Riesli', '84490.14', 99, '2023-07-28 19:49:02', '2023-07-28 19:49:02'),
(1667, 9, 46, 11, 'Cake - Pancake', '57714.75', 12, '2023-07-28 19:49:02', '2023-07-28 19:49:02'),
(1668, 3, 59, 4, 'Ham - Smoked, Bone -', '53998.19', 23, '2023-07-28 19:49:02', '2023-07-28 19:49:02'),
(1669, 10, 58, 13, 'Pepper - White, Grou', '30505.98', 17, '2023-07-28 19:49:02', '2023-07-28 19:49:02'),
(1670, 7, 87, 9, 'Tomato - Peeled Ital', '11182.92', 98, '2023-07-28 19:49:02', '2023-07-28 19:49:02'),
(1671, 10, 99, 13, 'Flour - Fast / Rapid', '98519.59', 84, '2023-07-28 19:49:02', '2023-07-28 19:49:02'),
(1672, 6, 33, 1, 'Vinegar - Balsamic', '67596.91', 35, '2023-07-28 19:49:02', '2023-07-28 19:49:02'),
(1673, 9, 73, 7, 'Spice - Peppercorn M', '33116.67', 69, '2023-07-28 19:49:02', '2023-07-28 19:49:02'),
(1674, 8, 22, 12, 'Foam Dinner Plate', '69983.96', 62, '2023-07-28 19:49:02', '2023-07-28 19:49:02'),
(1675, 2, 10, 13, 'Bag Stand', '41473.83', 20, '2023-07-28 19:49:02', '2023-07-28 19:49:02'),
(1676, 7, 58, 1, 'Cake - Mini Cheeseca', '2538.08', 57, '2023-07-28 19:49:02', '2023-07-28 19:49:02'),
(1677, 2, 20, 11, 'Ice Cream Bar - Hage', '65526.02', 14, '2023-07-28 19:49:02', '2023-07-28 19:49:02'),
(1678, 8, 53, 8, 'Soup - Knorr, Chicke', '74963.34', 88, '2023-07-28 19:49:02', '2023-07-28 19:49:02'),
(1679, 6, 72, 7, 'Tomatoes Tear Drop Y', '4395.39', 39, '2023-07-28 19:49:02', '2023-07-28 19:49:02'),
(1680, 6, 48, 17, 'Sponge Cake Mix - Ch', '42983.43', 24, '2023-07-28 19:49:02', '2023-07-28 19:49:02'),
(1681, 2, 78, 10, 'Wine - Masi Valpoloc', '59346.57', 12, '2023-07-28 19:49:02', '2023-07-28 19:49:02'),
(1682, 5, 58, 1, 'Lemons', '15285.00', 11, '2023-07-28 19:49:02', '2023-07-28 19:49:02'),
(1683, 5, 100, 15, 'Lotus Leaves', '24821.06', 77, '2023-07-28 19:49:02', '2023-07-28 19:49:02'),
(1684, 9, 66, 9, 'Wine - Pinot Noir La', '78208.96', 99, '2023-07-28 19:49:02', '2023-07-28 19:49:02'),
(1685, 1, 21, 15, 'Soup - Campbells Bro', '6792.80', 42, '2023-07-28 19:49:02', '2023-07-28 19:49:02'),
(1686, 1, 46, 8, 'Turkey Leg With Drum', '24105.63', 24, '2023-07-28 19:49:02', '2023-07-28 19:49:02'),
(1687, 2, 100, 1, 'Spice - Montreal Ste', '15481.88', 8, '2023-07-28 19:49:02', '2023-07-28 19:49:02'),
(1688, 10, 25, 1, 'Bread - Pullman, Sli', '4100.26', 28, '2023-07-28 19:49:02', '2023-07-28 19:49:02'),
(1689, 5, 33, 8, 'Coffee Cup 8oz 5338c', '7012.11', 84, '2023-07-28 19:49:02', '2023-07-28 19:49:02'),
(1690, 8, 63, 17, 'Crab - Blue, Frozen', '92416.17', 54, '2023-07-28 19:49:02', '2023-07-28 19:49:02'),
(1691, 8, 27, 4, 'Vaccum Bag - 14x20', '91188.36', 99, '2023-07-28 19:49:02', '2023-07-28 19:49:02'),
(1692, 3, 94, 6, 'Petite Baguette', '89793.79', 13, '2023-07-28 19:49:02', '2023-07-28 19:49:02'),
(1693, 8, 41, 17, 'Pasta - Canelloni, S', '23156.30', 42, '2023-07-28 19:49:02', '2023-07-28 19:49:02'),
(1694, 5, 90, 17, 'Yogurt - Strawberry,', '14365.01', 61, '2023-07-28 19:49:02', '2023-07-28 19:49:02'),
(1695, 4, 34, 10, 'Toothpick Frilled', '32612.10', 19, '2023-07-28 19:49:02', '2023-07-28 19:49:02'),
(1696, 3, 64, 1, 'Muffin Mix - Carrot', '79777.56', 64, '2023-07-28 19:49:02', '2023-07-28 19:49:02'),
(1697, 3, 29, 9, 'Dc - Sakura Fu', '17190.39', 14, '2023-07-28 19:49:02', '2023-07-28 19:49:02'),
(1698, 1, 9, 10, 'Wine - Chianti Class', '79904.32', 58, '2023-07-28 19:49:02', '2023-07-28 19:49:02'),
(1699, 4, 13, 15, 'Cinnamon - Stick', '31829.02', 29, '2023-07-28 19:49:02', '2023-07-28 19:49:02'),
(1700, 3, 31, 7, 'Wasabi Paste', '70406.39', 76, '2023-07-28 19:49:02', '2023-07-28 19:49:02'),
(1701, 4, 30, 12, 'Bay Leaf', '73142.45', 36, '2023-07-28 19:49:02', '2023-07-28 19:49:02'),
(1702, 3, 83, 17, 'Dip - Tapenade', '70197.05', 52, '2023-07-28 19:49:02', '2023-07-28 19:49:02'),
(1703, 5, 76, 5, 'Milkettes - 2%', '58410.09', 75, '2023-07-28 19:49:02', '2023-07-28 19:49:02'),
(1704, 7, 73, 4, 'Black Currants', '74694.19', 34, '2023-07-28 19:49:02', '2023-07-28 19:49:02'),
(1705, 6, 93, 6, 'Veal - Shank, Pieces', '25222.09', 83, '2023-07-28 19:49:02', '2023-07-28 19:49:02'),
(1706, 6, 35, 7, 'Juice - Ocean Spray ', '31010.14', 59, '2023-07-28 19:49:02', '2023-07-28 19:49:02'),
(1707, 7, 25, 4, 'Chicken - Soup Base', '74584.36', 45, '2023-07-28 19:49:02', '2023-07-28 19:49:02'),
(1708, 5, 44, 11, 'Dip - Tapenade', '7454.51', 5, '2023-07-28 19:49:02', '2023-07-28 19:49:02'),
(1709, 4, 77, 7, 'Wine - Spumante Bamb', '37082.92', 0, '2023-07-28 19:49:02', '2023-07-28 19:49:02'),
(1710, 10, 61, 8, 'Eggs - Extra Large', '47421.60', 69, '2023-07-28 19:49:02', '2023-07-28 19:49:02'),
(1711, 1, 14, 9, 'Wine - Beaujolais Vi', '38281.20', 3, '2023-07-28 19:49:02', '2023-07-28 19:49:02'),
(1712, 8, 49, 7, 'Zucchini - Mini, Gre', '53599.75', 95, '2023-07-28 19:49:02', '2023-07-28 19:49:02'),
(1713, 6, 33, 14, 'Wine - Fat Bastard M', '38333.16', 75, '2023-07-28 19:49:02', '2023-07-28 19:49:02'),
(1714, 3, 20, 5, 'Higashimaru Usukuchi', '83644.66', 17, '2023-07-28 19:49:02', '2023-07-28 19:49:02'),
(1715, 9, 79, 15, 'Wine - Fino Tio Pepe', '79700.36', 8, '2023-07-28 19:49:02', '2023-07-28 19:49:02'),
(1716, 2, 79, 11, 'Zucchini - Green', '79186.56', 5, '2023-07-28 19:49:02', '2023-07-28 19:49:02'),
(1717, 6, 74, 14, 'Chicken - White Meat', '80827.58', 53, '2023-07-28 19:49:02', '2023-07-28 19:49:02'),
(1718, 9, 54, 10, 'Muffin Hinge - 211n', '75778.89', 88, '2023-07-28 19:49:02', '2023-07-28 19:49:02'),
(1719, 7, 13, 12, 'Jam - Strawberry, 20', '42277.69', 14, '2023-07-28 19:49:02', '2023-07-28 19:49:02'),
(1720, 5, 11, 12, 'Wine - Cotes Du Rhon', '66327.53', 59, '2023-07-28 19:49:02', '2023-07-28 19:49:02'),
(1721, 6, 87, 3, 'Garlic - Primerba, P', '3529.94', 60, '2023-07-28 19:49:02', '2023-07-28 19:49:02'),
(1722, 5, 80, 6, 'Latex Rubber Gloves ', '22829.31', 100, '2023-07-28 19:49:02', '2023-07-28 19:49:02'),
(1723, 3, 13, 1, 'Chilli Paste, Hot Sa', '67120.83', 84, '2023-07-28 19:49:02', '2023-07-28 19:49:02'),
(1724, 1, 66, 2, 'Bagelers', '90293.56', 97, '2023-07-28 19:49:02', '2023-07-28 19:49:02'),
(1725, 5, 38, 8, 'Magnotta Bel Paese R', '46686.51', 62, '2023-07-28 19:49:02', '2023-07-28 19:49:02'),
(1726, 10, 89, 12, 'Wine - Cotes Du Rhon', '56066.71', 88, '2023-07-28 19:49:02', '2023-07-28 19:49:02'),
(1727, 8, 58, 13, 'Juice - Clamato, 341', '33361.33', 37, '2023-07-28 19:49:02', '2023-07-28 19:49:02'),
(1728, 9, 7, 3, 'Duck - Fat', '2191.33', 88, '2023-07-28 19:49:02', '2023-07-28 19:49:02'),
(1729, 2, 90, 5, 'Wine - White, Schrod', '2300.84', 71, '2023-07-28 19:49:02', '2023-07-28 19:49:02'),
(1730, 10, 22, 17, 'Table Cloth 72x144 W', '41392.52', 5, '2023-07-28 19:49:02', '2023-07-28 19:49:02'),
(1731, 4, 41, 3, 'Container - Foam Dix', '77452.43', 81, '2023-07-28 19:49:02', '2023-07-28 19:49:02'),
(1732, 9, 7, 3, 'Chickensplit Half', '96518.44', 79, '2023-07-28 19:49:02', '2023-07-28 19:49:02'),
(1733, 7, 33, 10, 'Bagelers - Cinn / Br', '16132.89', 75, '2023-07-28 19:49:02', '2023-07-28 19:49:02'),
(1734, 5, 43, 14, 'Prunes - Pitted', '28617.32', 94, '2023-07-28 19:49:02', '2023-07-28 19:49:02'),
(1735, 2, 34, 9, 'Lamb Rack - Ontario', '38616.30', 73, '2023-07-28 19:49:02', '2023-07-28 19:49:02'),
(1736, 4, 48, 4, 'Beef - Shank', '78993.34', 27, '2023-07-28 19:49:02', '2023-07-28 19:49:02'),
(1737, 4, 28, 15, 'Pear - Halves', '68258.46', 28, '2023-07-28 19:49:02', '2023-07-28 19:49:02'),
(1738, 7, 44, 3, 'Muffins - Assorted', '11109.44', 17, '2023-07-28 19:49:02', '2023-07-28 19:49:02'),
(1739, 2, 44, 13, 'Roe - Lump Fish, Red', '94746.29', 23, '2023-07-28 19:49:02', '2023-07-28 19:49:02'),
(1740, 5, 42, 12, 'Lamb - Pieces, Diced', '94184.72', 21, '2023-07-28 19:49:02', '2023-07-28 19:49:02'),
(1741, 10, 73, 16, 'Corn - Mini', '13662.18', 7, '2023-07-28 19:49:02', '2023-07-28 19:49:02'),
(1742, 4, 62, 10, 'Beef - Tongue, Fresh', '90957.59', 49, '2023-07-28 19:49:02', '2023-07-28 19:49:02'),
(1743, 4, 51, 5, 'Water, Tap', '9110.14', 62, '2023-07-28 19:49:02', '2023-07-28 19:49:02'),
(1744, 2, 34, 15, 'Cheese - Cheddar Wit', '37216.12', 37, '2023-07-28 19:49:02', '2023-07-28 19:49:02'),
(1745, 1, 61, 1, 'Salad Dressing', '86355.38', 77, '2023-07-28 19:49:02', '2023-07-28 19:49:02'),
(1746, 8, 11, 10, 'Extract - Lemon', '64974.91', 94, '2023-07-28 19:49:02', '2023-07-28 19:49:02'),
(1747, 7, 35, 13, 'Egg - Salad Premix', '66233.88', 36, '2023-07-28 19:49:02', '2023-07-28 19:49:02'),
(1748, 6, 38, 9, 'Nut - Cashews, Whole', '17103.25', 0, '2023-07-28 19:49:02', '2023-07-28 19:49:02'),
(1749, 5, 24, 14, 'Wine - Taylors Reser', '65964.75', 55, '2023-07-28 19:49:02', '2023-07-28 19:49:02'),
(1750, 1, 53, 10, 'Wine - Sherry Dry Sa', '69206.73', 26, '2023-07-28 19:49:02', '2023-07-28 19:49:02'),
(1751, 5, 64, 12, 'Garlic Powder', '84430.60', 55, '2023-07-28 19:49:02', '2023-07-28 19:49:02'),
(1752, 9, 72, 8, 'Bar - Granola Trail ', '20885.17', 90, '2023-07-28 19:49:02', '2023-07-28 19:49:02'),
(1753, 8, 16, 6, 'Paper Cocktail Umber', '74210.49', 28, '2023-07-28 19:49:02', '2023-07-28 19:49:02'),
(1754, 5, 51, 9, 'Chocolate - Unsweete', '66144.53', 24, '2023-07-28 19:49:02', '2023-07-28 19:49:02'),
(1755, 8, 89, 5, 'Sausage - Breakfast', '43488.81', 42, '2023-07-28 19:49:02', '2023-07-28 19:49:02'),
(1756, 5, 91, 8, 'Coffee Decaf Colombi', '56152.37', 82, '2023-07-28 19:49:02', '2023-07-28 19:49:02'),
(1757, 7, 67, 13, 'Dried Apple', '71204.06', 45, '2023-07-28 19:49:02', '2023-07-28 19:49:02'),
(1758, 9, 37, 4, 'Squash - Guords', '88167.70', 98, '2023-07-28 19:49:02', '2023-07-28 19:49:02'),
(1759, 4, 71, 11, 'Bacardi Breezer - St', '52251.26', 18, '2023-07-28 19:49:02', '2023-07-28 19:49:02'),
(1760, 2, 59, 11, 'Vinegar - White Wine', '24066.97', 78, '2023-07-28 19:49:02', '2023-07-28 19:49:02'),
(1761, 3, 96, 17, 'Cheese - Goat', '41585.53', 21, '2023-07-28 19:49:02', '2023-07-28 19:49:02'),
(1762, 4, 71, 6, 'The Pop Shoppe - Bla', '30386.02', 87, '2023-07-28 19:49:02', '2023-07-28 19:49:02'),
(1763, 9, 99, 14, 'Wine La Vielle Ferme', '31724.61', 70, '2023-07-28 19:49:02', '2023-07-28 19:49:02'),
(1764, 1, 20, 11, 'Sherbet - Raspberry', '5529.17', 38, '2023-07-28 19:49:02', '2023-07-28 19:49:02'),
(1765, 5, 68, 7, 'Wine - Valpolicella ', '37162.39', 84, '2023-07-28 19:49:02', '2023-07-28 19:49:02'),
(1766, 3, 62, 16, 'Bagel - Ched Chs Pre', '2132.79', 47, '2023-07-28 19:49:02', '2023-07-28 19:49:02'),
(1767, 9, 32, 1, 'Beans - Yellow', '47592.54', 39, '2023-07-28 19:49:02', '2023-07-28 19:49:02'),
(1768, 6, 25, 2, 'Island Oasis - Banan', '25371.36', 12, '2023-07-28 19:49:02', '2023-07-28 19:49:02'),
(1769, 4, 71, 9, 'Beef - Flank Steak', '76764.40', 57, '2023-07-28 19:49:02', '2023-07-28 19:49:02'),
(1770, 5, 5, 17, 'Cheese - Comtomme', '8008.22', 39, '2023-07-28 19:49:02', '2023-07-28 19:49:02'),
(1771, 8, 43, 3, 'Bread - French Baque', '82211.69', 12, '2023-07-28 19:49:02', '2023-07-28 19:49:02'),
(1772, 1, 24, 15, 'Soap - Mr.clean Floo', '42139.00', 94, '2023-07-28 19:49:02', '2023-07-28 19:49:02'),
(1773, 9, 43, 4, 'Lobster - Tail 6 Oz', '57353.43', 90, '2023-07-28 19:49:02', '2023-07-28 19:49:02'),
(1774, 9, 53, 11, 'Yogurt - Cherry, 175', '87716.94', 52, '2023-07-28 19:49:02', '2023-07-28 19:49:02'),
(1775, 4, 13, 8, 'Orange - Tangerine', '38824.31', 42, '2023-07-28 19:49:02', '2023-07-28 19:49:02'),
(1776, 2, 22, 10, 'Beef - Rib Eye Aaa', '21021.90', 82, '2023-07-28 19:49:02', '2023-07-28 19:49:02'),
(1777, 6, 13, 4, 'Ecolab - Mikroklene ', '16194.74', 9, '2023-07-28 19:49:02', '2023-07-28 19:49:02'),
(1778, 5, 22, 3, 'Scrubbie - Scotchbri', '47822.15', 83, '2023-07-28 19:49:02', '2023-07-28 19:49:02'),
(1779, 9, 77, 15, 'Pastry - Baked Cinna', '15436.88', 37, '2023-07-28 19:49:02', '2023-07-28 19:49:02'),
(1780, 7, 69, 8, 'Energy Drink - Frank', '13283.54', 24, '2023-07-28 19:49:02', '2023-07-28 19:49:02'),
(1781, 4, 81, 4, 'Crackers - Water', '46819.52', 51, '2023-07-28 19:49:02', '2023-07-28 19:49:02'),
(1782, 6, 14, 16, 'Shrimp - Black Tiger', '58785.45', 63, '2023-07-28 19:49:02', '2023-07-28 19:49:02'),
(1783, 6, 94, 3, 'Cups 10oz Trans', '74548.66', 5, '2023-07-28 19:49:02', '2023-07-28 19:49:02'),
(1784, 1, 54, 17, 'Beets - Golden', '70163.49', 95, '2023-07-28 19:49:02', '2023-07-28 19:49:02'),
(1785, 6, 42, 17, 'Capon - Whole', '32237.96', 75, '2023-07-28 19:49:02', '2023-07-28 19:49:02'),
(1786, 3, 14, 17, 'Sterno - Chafing Dis', '35266.56', 48, '2023-07-28 19:49:02', '2023-07-28 19:49:02'),
(1787, 8, 67, 16, 'Spoon - Soup, Plasti', '28859.87', 62, '2023-07-28 19:49:02', '2023-07-28 19:49:02'),
(1788, 6, 96, 12, 'Pants Custom Dry Cle', '8416.76', 56, '2023-07-28 19:49:02', '2023-07-28 19:49:02'),
(1789, 9, 73, 8, 'Melon - Cantaloupe', '6665.30', 14, '2023-07-28 19:49:02', '2023-07-28 19:49:02'),
(1790, 10, 77, 15, 'Basil - Pesto Sauce', '95208.31', 96, '2023-07-28 19:49:02', '2023-07-28 19:49:02'),
(1791, 2, 92, 13, 'Island Oasis - Lemon', '52475.53', 33, '2023-07-28 19:49:02', '2023-07-28 19:49:02'),
(1792, 1, 69, 5, 'Spice - Pepper Porti', '44964.78', 92, '2023-07-28 19:49:02', '2023-07-28 19:49:02'),
(1793, 6, 6, 16, 'Lobster - Tail 6 Oz', '44782.11', 95, '2023-07-28 19:49:02', '2023-07-28 19:49:02'),
(1794, 1, 37, 11, 'Pastry - Butterscotc', '49368.14', 71, '2023-07-28 19:49:02', '2023-07-28 19:49:02'),
(1795, 1, 39, 7, 'Soup - Campbells - T', '80442.58', 28, '2023-07-28 19:49:02', '2023-07-28 19:49:02'),
(1796, 5, 38, 9, 'Beer - Sleemans Hone', '91550.45', 27, '2023-07-28 19:49:02', '2023-07-28 19:49:02'),
(1797, 9, 72, 1, 'Pepper - Julienne, F', '78401.87', 51, '2023-07-28 19:49:02', '2023-07-28 19:49:02'),
(1798, 4, 58, 7, 'Soup - Boston Clam C', '30158.13', 39, '2023-07-28 19:49:02', '2023-07-28 19:49:02'),
(1799, 5, 78, 8, 'Dried Figs', '58109.18', 10, '2023-07-28 19:49:02', '2023-07-28 19:49:02'),
(1800, 4, 4, 10, 'Snails - Large Canne', '66970.85', 44, '2023-07-28 19:49:02', '2023-07-28 19:49:02'),
(1801, 8, 86, 9, 'Sauce - Oyster', '5530.48', 26, '2023-07-28 19:49:02', '2023-07-28 19:49:02'),
(1802, 5, 59, 4, 'The Pop Shoppe - Lim', '96347.96', 14, '2023-07-28 19:49:02', '2023-07-28 19:49:02'),
(1803, 4, 60, 9, 'Potatoes - Yukon Gol', '51579.61', 82, '2023-07-28 19:49:02', '2023-07-28 19:49:02'),
(1804, 8, 27, 10, 'Pepper - White, Whol', '62905.91', 45, '2023-07-28 19:49:02', '2023-07-28 19:49:02'),
(1805, 8, 45, 12, 'Crackers - Soda / Sa', '28587.78', 43, '2023-07-28 19:49:02', '2023-07-28 19:49:02'),
(1806, 3, 28, 13, 'Chicken - Ground', '72903.95', 99, '2023-07-28 19:49:02', '2023-07-28 19:49:02'),
(1807, 3, 74, 2, 'Cucumber - Pickling ', '82232.05', 42, '2023-07-28 19:49:02', '2023-07-28 19:49:02'),
(1808, 6, 22, 8, 'Bacardi Mojito', '20721.93', 64, '2023-07-28 19:49:02', '2023-07-28 19:49:02'),
(1809, 8, 23, 17, 'Danishes - Mini Chee', '19502.13', 27, '2023-07-28 19:49:02', '2023-07-28 19:49:02'),
(1810, 9, 10, 13, 'Vinegar - Raspberry', '82397.18', 67, '2023-07-28 19:49:02', '2023-07-28 19:49:02'),
(1811, 6, 63, 6, 'Potatoes - Idaho 100', '71542.91', 7, '2023-07-28 19:49:02', '2023-07-28 19:49:02'),
(1812, 10, 53, 7, 'Muffin Hinge - 211n', '62086.75', 55, '2023-07-28 19:49:02', '2023-07-28 19:49:02'),
(1813, 9, 65, 2, 'Cookies - Englishbay', '16517.49', 30, '2023-07-28 19:49:02', '2023-07-28 19:49:02'),
(1814, 7, 32, 2, 'Carbonated Water - C', '35554.08', 27, '2023-07-28 19:49:02', '2023-07-28 19:49:02'),
(1815, 6, 69, 12, 'Honey - Comb', '37673.79', 25, '2023-07-28 19:49:02', '2023-07-28 19:49:02'),
(1816, 4, 37, 16, 'Tomatoes - Plum, Can', '23446.79', 62, '2023-07-28 19:49:02', '2023-07-28 19:49:02'),
(1817, 6, 66, 15, 'Wine - Sherry Dry Sa', '15195.68', 81, '2023-07-28 19:49:02', '2023-07-28 19:49:02'),
(1818, 9, 35, 6, 'Vermacelli - Sprinkl', '76930.33', 23, '2023-07-28 19:49:02', '2023-07-28 19:49:02'),
(1819, 6, 20, 10, 'Puree - Kiwi', '80447.29', 18, '2023-07-28 19:49:02', '2023-07-28 19:49:02'),
(1820, 7, 87, 9, 'Wine - Rubyport', '29654.60', 94, '2023-07-28 19:49:02', '2023-07-28 19:49:02'),
(1821, 7, 82, 1, 'Pasta - Canelloni', '54411.52', 82, '2023-07-28 19:49:02', '2023-07-28 19:49:02'),
(1822, 5, 83, 2, 'Tomato Paste', '60548.63', 78, '2023-07-28 19:49:02', '2023-07-28 19:49:02'),
(1823, 8, 69, 11, 'Lamb - Shoulder', '12285.48', 54, '2023-07-28 19:49:02', '2023-07-28 19:49:02'),
(1824, 2, 52, 8, 'Bonito Flakes - Toku', '68157.14', 41, '2023-07-28 19:49:02', '2023-07-28 19:49:02'),
(1825, 3, 60, 2, 'Hot Chocolate - Indi', '81508.55', 34, '2023-07-28 19:49:02', '2023-07-28 19:49:02'),
(1826, 5, 69, 5, 'Pork - Bones', '67913.63', 56, '2023-07-28 19:49:02', '2023-07-28 19:49:02'),
(1827, 5, 86, 16, 'Cheese - Brie, Tripl', '35522.64', 41, '2023-07-28 19:49:02', '2023-07-28 19:49:02'),
(1828, 2, 7, 9, 'Crush - Orange, 355m', '5816.85', 63, '2023-07-28 19:49:02', '2023-07-28 19:49:02'),
(1829, 6, 89, 7, 'Cake - Night And Day', '20256.04', 14, '2023-07-28 19:49:02', '2023-07-28 19:49:02'),
(1830, 9, 16, 13, 'Swordfish Loin Porti', '63086.84', 71, '2023-07-28 19:49:02', '2023-07-28 19:49:02'),
(1831, 6, 72, 1, 'Asparagus - Green, F', '3390.98', 65, '2023-07-28 19:49:02', '2023-07-28 19:49:02'),
(1832, 2, 96, 13, 'Phyllo Dough', '58132.16', 27, '2023-07-28 19:49:02', '2023-07-28 19:49:02'),
(1833, 1, 53, 8, 'Sauce - Soya, Dark', '17758.05', 78, '2023-07-28 19:49:02', '2023-07-28 19:49:02'),
(1834, 10, 30, 13, 'Cheese - Blue', '73482.26', 66, '2023-07-28 19:49:02', '2023-07-28 19:49:02'),
(1835, 6, 67, 17, 'Beer - Molson Excel', '36257.71', 65, '2023-07-28 19:49:02', '2023-07-28 19:49:02'),
(1836, 5, 56, 17, 'Pastry - Butterscotc', '30866.62', 4, '2023-07-28 19:49:02', '2023-07-28 19:49:02'),
(1837, 8, 55, 16, 'Goldschalger', '97513.27', 42, '2023-07-28 19:49:02', '2023-07-28 19:49:02'),
(1838, 6, 22, 17, 'Kirsch - Schloss', '24276.97', 15, '2023-07-28 19:49:02', '2023-07-28 19:49:02'),
(1839, 2, 79, 16, 'Cake - Cake Sheet Ma', '90228.19', 64, '2023-07-28 19:49:02', '2023-07-28 19:49:02'),
(1840, 10, 93, 4, 'Lemonade - Strawberr', '26228.00', 74, '2023-07-28 19:49:02', '2023-07-28 19:49:02'),
(1841, 7, 85, 5, 'Wine - Blue Nun Qual', '67574.35', 15, '2023-07-28 19:49:02', '2023-07-28 19:49:02'),
(1842, 4, 42, 4, 'Island Oasis - Peach', '39384.82', 10, '2023-07-28 19:49:02', '2023-07-28 19:49:02'),
(1843, 10, 55, 8, 'Wine - Duboeuf Beauj', '99898.42', 14, '2023-07-28 19:49:02', '2023-07-28 19:49:02'),
(1844, 8, 53, 16, 'Lamb - Loin, Trimmed', '12098.68', 67, '2023-07-28 19:49:02', '2023-07-28 19:49:02'),
(1845, 7, 18, 3, 'Water - Tonic', '75040.55', 87, '2023-07-28 19:49:02', '2023-07-28 19:49:02'),
(1846, 8, 81, 6, 'Compound - Rum', '46170.97', 55, '2023-07-28 19:49:02', '2023-07-28 19:49:02'),
(1847, 1, 55, 3, 'Wine - Sawmill Creek', '74824.99', 77, '2023-07-28 19:49:02', '2023-07-28 19:49:02'),
(1848, 7, 46, 2, 'Cup - 6oz, Foam', '21243.39', 69, '2023-07-28 19:49:02', '2023-07-28 19:49:02'),
(1849, 5, 1, 7, 'Leeks - Baby, White', '83128.33', 81, '2023-07-28 19:49:02', '2023-07-28 19:49:02'),
(1850, 6, 56, 8, 'Beef Ground Medium', '16855.78', 59, '2023-07-28 19:49:02', '2023-07-28 19:49:02'),
(1851, 7, 81, 7, 'Wine - Taylors Reser', '36359.58', 81, '2023-07-28 19:49:02', '2023-07-28 19:49:02'),
(1852, 8, 32, 11, 'Bread - Roll, Calabr', '71393.41', 48, '2023-07-28 19:49:02', '2023-07-28 19:49:02'),
(1853, 5, 16, 6, 'Shrimp - Black Tiger', '55130.07', 25, '2023-07-28 19:49:02', '2023-07-28 19:49:02'),
(1854, 10, 68, 13, 'Trout - Rainbow, Fre', '70496.51', 65, '2023-07-28 19:49:02', '2023-07-28 19:49:02'),
(1855, 9, 44, 11, 'Truffle - Whole Blac', '3567.50', 7, '2023-07-28 19:49:02', '2023-07-28 19:49:02'),
(1856, 3, 70, 14, 'Cookies Almond Hazel', '95596.44', 9, '2023-07-28 19:49:02', '2023-07-28 19:49:02'),
(1857, 1, 65, 14, 'Soup Campbells Split', '75151.93', 16, '2023-07-28 19:49:02', '2023-07-28 19:49:02'),
(1858, 6, 78, 4, 'Broom And Brush Rack', '50336.13', 50, '2023-07-28 19:49:02', '2023-07-28 19:49:02'),
(1859, 4, 91, 16, 'Lamb - Rack', '46517.55', 52, '2023-07-28 19:49:02', '2023-07-28 19:49:02'),
(1860, 6, 71, 17, 'Nut - Almond, Blanch', '40108.90', 4, '2023-07-28 19:49:02', '2023-07-28 19:49:02'),
(1861, 5, 59, 11, 'Cattail Hearts', '43889.48', 82, '2023-07-28 19:49:02', '2023-07-28 19:49:02'),
(1862, 7, 81, 8, 'Wine - Blue Nun Qual', '17747.03', 45, '2023-07-28 19:49:02', '2023-07-28 19:49:02'),
(1863, 3, 44, 12, 'Beef Ground Medium', '83329.42', 51, '2023-07-28 19:49:02', '2023-07-28 19:49:02'),
(1864, 1, 43, 8, 'Bread Sour Rolls', '4192.07', 16, '2023-07-28 19:49:02', '2023-07-28 19:49:02'),
(1865, 10, 47, 1, 'Honey - Lavender', '6219.54', 7, '2023-07-28 19:49:02', '2023-07-28 19:49:02'),
(1866, 6, 49, 5, 'Onions - Vidalia', '91170.81', 14, '2023-07-28 19:49:02', '2023-07-28 19:49:02'),
(1867, 2, 25, 7, 'Muffin Puck Ww Carro', '39021.77', 50, '2023-07-28 19:49:02', '2023-07-28 19:49:02'),
(1868, 6, 39, 5, 'Napkin White', '47641.49', 30, '2023-07-28 19:49:02', '2023-07-28 19:49:02'),
(1869, 5, 79, 3, 'Trout Rainbow Whole', '38692.74', 74, '2023-07-28 19:49:02', '2023-07-28 19:49:02'),
(1870, 9, 73, 15, 'Beef - Rib Eye Aaa', '70795.24', 38, '2023-07-28 19:49:02', '2023-07-28 19:49:02'),
(1871, 6, 31, 5, 'Coffee - 10oz Cup 92', '42404.57', 92, '2023-07-28 19:49:02', '2023-07-28 19:49:02'),
(1872, 5, 85, 4, 'Oil - Truffle, White', '50202.41', 95, '2023-07-28 19:49:02', '2023-07-28 19:49:02'),
(1873, 4, 59, 6, 'Ocean Spray - Kiwi S', '77269.45', 32, '2023-07-28 19:49:02', '2023-07-28 19:49:02'),
(1874, 9, 34, 15, 'Bread - White Epi Ba', '52271.73', 43, '2023-07-28 19:49:02', '2023-07-28 19:49:02'),
(1875, 3, 54, 12, 'Mix Pina Colada', '2918.81', 40, '2023-07-28 19:49:02', '2023-07-28 19:49:02'),
(1876, 4, 87, 14, 'Venison - Ground', '11284.41', 63, '2023-07-28 19:49:02', '2023-07-28 19:49:02'),
(1877, 5, 84, 7, 'Chocolate - Compound', '84538.36', 2, '2023-07-28 19:49:02', '2023-07-28 19:49:02'),
(1878, 5, 21, 11, 'Sauce - Oyster', '45480.88', 27, '2023-07-28 19:49:02', '2023-07-28 19:49:02'),
(1879, 3, 59, 15, 'Bread - Rye', '66894.14', 37, '2023-07-28 19:49:02', '2023-07-28 19:49:02'),
(1880, 5, 52, 1, 'Cookie Dough - Choco', '91445.24', 99, '2023-07-28 19:49:02', '2023-07-28 19:49:02'),
(1881, 4, 85, 8, 'Pastry - Banana Muff', '31852.34', 41, '2023-07-28 19:49:02', '2023-07-28 19:49:02'),
(1882, 6, 66, 2, 'Water - Mineral, Nat', '30149.77', 59, '2023-07-28 19:49:02', '2023-07-28 19:49:02'),
(1883, 7, 36, 2, 'Chinese Foods - Chic', '32611.00', 69, '2023-07-28 19:49:02', '2023-07-28 19:49:02'),
(1884, 3, 94, 14, 'Plate Foam Laminated', '9612.67', 79, '2023-07-28 19:49:02', '2023-07-28 19:49:02'),
(1885, 6, 51, 13, 'Lidsoupcont Rp12dn', '29920.71', 3, '2023-07-28 19:49:02', '2023-07-28 19:49:02'),
(1886, 10, 60, 7, 'Water - Spring Water', '86722.95', 29, '2023-07-28 19:49:02', '2023-07-28 19:49:02'),
(1887, 7, 3, 13, 'Almonds Ground Blanc', '24636.42', 51, '2023-07-28 19:49:02', '2023-07-28 19:49:02'),
(1888, 5, 63, 17, 'Appetizer - Assorted', '53796.83', 29, '2023-07-28 19:49:02', '2023-07-28 19:49:02'),
(1889, 4, 85, 6, 'Napkin White', '54668.62', 36, '2023-07-28 19:49:02', '2023-07-28 19:49:02'),
(1890, 3, 46, 2, 'Sugar - Brown', '77709.95', 6, '2023-07-28 19:49:02', '2023-07-28 19:49:02'),
(1891, 5, 9, 8, 'Dried Peach', '76285.61', 34, '2023-07-28 19:49:02', '2023-07-28 19:49:02'),
(1892, 10, 12, 14, 'Bread - Bagels, Plai', '83523.25', 56, '2023-07-28 19:49:02', '2023-07-28 19:49:02'),
(1893, 2, 58, 4, 'Pastry - Banana Tea ', '51316.93', 57, '2023-07-28 19:49:02', '2023-07-28 19:49:02'),
(1894, 2, 5, 10, 'Cheese - Stilton', '71336.76', 98, '2023-07-28 19:49:02', '2023-07-28 19:49:02'),
(1895, 2, 53, 4, 'Beef - Tenderloin', '34794.35', 67, '2023-07-28 19:49:02', '2023-07-28 19:49:02'),
(1896, 2, 90, 13, 'Cabbage - Red', '56357.65', 53, '2023-07-28 19:49:02', '2023-07-28 19:49:02'),
(1897, 3, 68, 15, 'Wine - Rubyport', '32543.23', 35, '2023-07-28 19:49:02', '2023-07-28 19:49:02'),
(1898, 10, 68, 3, 'Cake Circle, Foil, S', '91190.65', 74, '2023-07-28 19:49:02', '2023-07-28 19:49:02'),
(1899, 10, 86, 7, 'Food Colouring - Red', '45270.08', 37, '2023-07-28 19:49:02', '2023-07-28 19:49:02'),
(1900, 4, 46, 3, 'Pasta - Penne Primav', '31811.60', 87, '2023-07-28 19:49:02', '2023-07-28 19:49:02'),
(1901, 5, 53, 16, 'Sugar - Brown', '59062.85', 93, '2023-07-28 19:49:02', '2023-07-28 19:49:02'),
(1902, 10, 66, 1, 'Wine - Ruffino Chian', '48465.42', 44, '2023-07-28 19:49:02', '2023-07-28 19:49:02'),
(1903, 6, 79, 5, 'Pasta - Lasagne, Fre', '25755.90', 24, '2023-07-28 19:49:02', '2023-07-28 19:49:02'),
(1904, 6, 48, 9, 'Cheese - Brie', '56418.91', 85, '2023-07-28 19:49:02', '2023-07-28 19:49:02'),
(1905, 9, 8, 10, 'Melon - Watermelon, ', '4507.86', 74, '2023-07-28 19:49:02', '2023-07-28 19:49:02'),
(1906, 6, 10, 1, 'Venison - Ground', '61350.27', 80, '2023-07-28 19:49:02', '2023-07-28 19:49:02'),
(1907, 8, 90, 1, 'Syrup - Golden, Lyle', '70095.65', 10, '2023-07-28 19:49:02', '2023-07-28 19:49:02'),
(1908, 10, 2, 1, 'Pork - Caul Fat', '45122.60', 50, '2023-07-28 19:49:02', '2023-07-28 19:49:02'),
(1909, 10, 50, 12, 'Rum - Dark, Bacardi,', '95955.80', 97, '2023-07-28 19:49:02', '2023-07-28 19:49:02'),
(1910, 6, 69, 7, 'Snapple Raspberry Te', '51360.07', 97, '2023-07-28 19:49:02', '2023-07-28 19:49:02'),
(1911, 6, 37, 16, 'Wine - Red, Colio Ca', '54798.92', 22, '2023-07-28 19:49:02', '2023-07-28 19:49:02'),
(1912, 1, 28, 13, 'Soap - Mr.clean Floo', '95440.23', 31, '2023-07-28 19:49:02', '2023-07-28 19:49:02'),
(1913, 9, 100, 9, 'Muffin - Mix - Bran ', '95555.06', 16, '2023-07-28 19:49:02', '2023-07-28 19:49:02'),
(1914, 5, 95, 11, 'Juice - Orange', '37646.23', 37, '2023-07-28 19:49:02', '2023-07-28 19:49:02'),
(1915, 3, 12, 11, 'Soup - Campbells Chi', '76527.98', 22, '2023-07-28 19:49:02', '2023-07-28 19:49:02'),
(1916, 6, 50, 2, 'Brocolinni - Gaylan,', '60903.46', 3, '2023-07-28 19:49:02', '2023-07-28 19:49:02'),
(1917, 6, 80, 9, 'Bread - Roll, Canadi', '55575.27', 30, '2023-07-28 19:49:02', '2023-07-28 19:49:02'),
(1918, 4, 85, 3, 'Wine - Barossa Valle', '73332.79', 47, '2023-07-28 19:49:02', '2023-07-28 19:49:02'),
(1919, 4, 5, 14, 'Bar Bran Honey Nut', '78093.95', 45, '2023-07-28 19:49:02', '2023-07-28 19:49:02'),
(1920, 4, 21, 4, 'Wine - Saint Emilion', '51743.77', 9, '2023-07-28 19:49:02', '2023-07-28 19:49:02'),
(1921, 7, 7, 1, 'Glass Clear 7 Oz Xl', '94742.56', 76, '2023-07-28 19:49:02', '2023-07-28 19:49:02'),
(1922, 1, 97, 14, 'Uniform Linen Charge', '39769.88', 81, '2023-07-28 19:49:02', '2023-07-28 19:49:02'),
(1923, 4, 76, 4, 'Juice - Apple, 341 M', '54425.05', 12, '2023-07-28 19:49:02', '2023-07-28 19:49:02'),
(1924, 1, 18, 15, 'Veal - Tenderloin, U', '17937.19', 82, '2023-07-28 19:49:02', '2023-07-28 19:49:02'),
(1925, 4, 14, 3, 'Icecream Bar - Del M', '14631.43', 78, '2023-07-28 19:49:02', '2023-07-28 19:49:02'),
(1926, 2, 6, 6, 'Bread - French Baque', '1330.13', 65, '2023-07-28 19:49:02', '2023-07-28 19:49:02'),
(1927, 10, 45, 6, 'Bacardi Mojito', '84441.06', 74, '2023-07-28 19:49:02', '2023-07-28 19:49:02'),
(1928, 7, 32, 2, 'Tandoori Curry Paste', '32263.38', 68, '2023-07-28 19:49:02', '2023-07-28 19:49:02'),
(1929, 10, 62, 1, 'Momiji Oroshi Chili ', '18611.76', 19, '2023-07-28 19:49:02', '2023-07-28 19:49:02'),
(1930, 5, 33, 1, 'Oil - Olive, Extra V', '38672.33', 94, '2023-07-28 19:49:02', '2023-07-28 19:49:02'),
(1931, 9, 85, 12, 'Bacardi Limon', '43377.25', 4, '2023-07-28 19:49:02', '2023-07-28 19:49:02'),
(1932, 7, 76, 16, 'Chinese Foods - Pepp', '24425.65', 44, '2023-07-28 19:49:02', '2023-07-28 19:49:02'),
(1933, 5, 62, 7, 'Chips Potato Reg 43g', '48791.63', 80, '2023-07-28 19:49:02', '2023-07-28 19:49:02'),
(1934, 6, 77, 16, 'Bread - Hamburger Bu', '60262.18', 14, '2023-07-28 19:49:02', '2023-07-28 19:49:02'),
(1935, 8, 51, 9, 'Bamboo Shoots - Slic', '88006.63', 64, '2023-07-28 19:49:02', '2023-07-28 19:49:02'),
(1936, 10, 14, 6, 'Wine - Alicanca Vinh', '80433.16', 92, '2023-07-28 19:49:02', '2023-07-28 19:49:02'),
(1937, 1, 40, 1, 'Mcguinness - Blue Cu', '97650.17', 79, '2023-07-28 19:49:02', '2023-07-28 19:49:02'),
(1938, 6, 68, 3, 'Pasta - Canelloni, S', '53958.19', 91, '2023-07-28 19:49:02', '2023-07-28 19:49:02'),
(1939, 10, 83, 14, 'Sesame Seed', '55804.56', 44, '2023-07-28 19:49:02', '2023-07-28 19:49:02'),
(1940, 1, 98, 16, 'Yokaline', '26384.56', 54, '2023-07-28 19:49:02', '2023-07-28 19:49:02'),
(1941, 10, 87, 10, 'Peach - Halves', '29621.87', 15, '2023-07-28 19:49:02', '2023-07-28 19:49:02'),
(1942, 2, 85, 16, 'Tea - Darjeeling, Az', '33787.92', 36, '2023-07-28 19:49:02', '2023-07-28 19:49:02'),
(1943, 4, 80, 2, 'Rice Paper', '42650.71', 19, '2023-07-28 19:49:02', '2023-07-28 19:49:02'),
(1944, 3, 73, 5, 'Dr. Pepper - 355ml', '56515.23', 34, '2023-07-28 19:49:02', '2023-07-28 19:49:02'),
(1945, 3, 44, 16, 'Soup - Knorr, Countr', '3646.71', 45, '2023-07-28 19:49:02', '2023-07-28 19:49:02'),
(1946, 10, 37, 9, 'Cake - Pancake', '21506.90', 57, '2023-07-28 19:49:02', '2023-07-28 19:49:02'),
(1947, 8, 31, 2, 'Tomatoes', '58585.79', 94, '2023-07-28 19:49:02', '2023-07-28 19:49:02'),
(1948, 7, 32, 16, 'Sardines', '18711.76', 90, '2023-07-28 19:49:02', '2023-07-28 19:49:02'),
(1949, 7, 82, 10, 'Dates', '99259.09', 51, '2023-07-28 19:49:02', '2023-07-28 19:49:02'),
(1950, 4, 93, 6, 'Seedlings - Buckwhea', '37668.29', 38, '2023-07-28 19:49:02', '2023-07-28 19:49:02'),
(1951, 6, 85, 4, 'Skirt - 29 Foot', '30571.85', 19, '2023-07-28 19:49:02', '2023-07-28 19:49:02'),
(1952, 3, 30, 10, 'Tomato - Tricolor Ch', '55404.61', 13, '2023-07-28 19:49:02', '2023-07-28 19:49:02'),
(1953, 9, 3, 16, 'Chinese Foods - Plai', '41200.90', 8, '2023-07-28 19:49:02', '2023-07-28 19:49:02'),
(1954, 1, 31, 2, 'Boogies', '4869.05', 19, '2023-07-28 19:49:02', '2023-07-28 19:49:02'),
(1955, 10, 58, 3, 'Sun - Dried Tomatoes', '73965.79', 28, '2023-07-28 19:49:02', '2023-07-28 19:49:02'),
(1956, 4, 97, 5, 'Cheese - Mozzarella,', '75661.85', 6, '2023-07-28 19:49:02', '2023-07-28 19:49:02'),
(1957, 2, 86, 12, 'Veal - Slab Bacon', '60303.94', 92, '2023-07-28 19:49:02', '2023-07-28 19:49:02'),
(1958, 1, 94, 10, 'Cheese - Cambozola', '6712.09', 10, '2023-07-28 19:49:02', '2023-07-28 19:49:02'),
(1959, 3, 59, 15, 'Lobak', '88529.48', 85, '2023-07-28 19:49:02', '2023-07-28 19:49:02'),
(1960, 3, 1, 16, 'Muffin Mix - Raisin ', '41412.17', 60, '2023-07-28 19:49:02', '2023-07-28 19:49:02'),
(1961, 4, 90, 12, 'Wine - Fino Tio Pepe', '41753.65', 51, '2023-07-28 19:49:02', '2023-07-28 19:49:02'),
(1962, 10, 94, 2, 'Onions - Red Pearl', '30766.02', 67, '2023-07-28 19:49:02', '2023-07-28 19:49:02'),
(1963, 6, 57, 13, 'Oil - Sunflower', '77974.32', 54, '2023-07-28 19:49:02', '2023-07-28 19:49:02'),
(1964, 3, 70, 2, 'Rice - Jasmine Sente', '34887.62', 48, '2023-07-28 19:49:02', '2023-07-28 19:49:02'),
(1965, 8, 93, 4, '7up Diet, 355 Ml', '42235.47', 57, '2023-07-28 19:49:02', '2023-07-28 19:49:02'),
(1966, 7, 35, 16, 'Bacardi Limon', '8986.00', 8, '2023-07-28 19:49:02', '2023-07-28 19:49:02'),
(1967, 2, 50, 2, 'Goldschalger', '49638.62', 52, '2023-07-28 19:49:02', '2023-07-28 19:49:02'),
(1968, 1, 33, 1, 'Basil - Seedlings Co', '88757.58', 32, '2023-07-28 19:49:02', '2023-07-28 19:49:02'),
(1969, 7, 89, 16, 'Energy Drink - Frank', '70818.73', 82, '2023-07-28 19:49:02', '2023-07-28 19:49:02'),
(1970, 8, 6, 17, 'Vermacelli - Sprinkl', '96109.34', 84, '2023-07-28 19:49:02', '2023-07-28 19:49:02'),
(1971, 6, 48, 4, 'Garlic - Elephant', '58029.60', 64, '2023-07-28 19:49:02', '2023-07-28 19:49:02'),
(1972, 9, 90, 16, 'Pasta - Orzo, Dry', '8060.13', 43, '2023-07-28 19:49:02', '2023-07-28 19:49:02'),
(1973, 9, 4, 1, 'Pie Filling - Cherry', '1726.62', 55, '2023-07-28 19:49:02', '2023-07-28 19:49:02'),
(1974, 10, 26, 14, 'Alize Sunset', '12650.97', 15, '2023-07-28 19:49:02', '2023-07-28 19:49:02'),
(1975, 1, 30, 2, 'Eggs - Extra Large', '59828.71', 44, '2023-07-28 19:49:02', '2023-07-28 19:49:02'),
(1976, 1, 91, 15, 'Syrup - Kahlua Choco', '74053.32', 92, '2023-07-28 19:49:02', '2023-07-28 19:49:02'),
(1977, 1, 11, 12, 'Chocolate - Pistoles', '31770.02', 25, '2023-07-28 19:49:02', '2023-07-28 19:49:02'),
(1978, 6, 23, 16, 'Caviar - Salmon', '23079.83', 76, '2023-07-28 19:49:02', '2023-07-28 19:49:02'),
(1979, 3, 20, 4, 'Mudslide', '57680.95', 37, '2023-07-28 19:49:02', '2023-07-28 19:49:02'),
(1980, 10, 84, 17, 'Tuna - Canned, Flake', '68119.71', 99, '2023-07-28 19:49:02', '2023-07-28 19:49:02'),
(1981, 9, 47, 1, 'Pie Filling - Apple', '62852.76', 0, '2023-07-28 19:49:02', '2023-07-28 19:49:02'),
(1982, 9, 63, 12, 'Sauce Bbq Smokey', '98943.58', 49, '2023-07-28 19:49:02', '2023-07-28 19:49:02'),
(1983, 1, 34, 12, 'Parasol Pick Stir St', '11867.35', 77, '2023-07-28 19:49:02', '2023-07-28 19:49:02'),
(1984, 9, 6, 13, 'Syrup - Kahlua Choco', '84484.18', 76, '2023-07-28 19:49:02', '2023-07-28 19:49:02'),
(1985, 10, 35, 1, 'Curry Paste - Green ', '84657.47', 54, '2023-07-28 19:49:02', '2023-07-28 19:49:02'),
(1986, 9, 91, 9, 'Milkettes - 2%', '55501.19', 95, '2023-07-28 19:49:02', '2023-07-28 19:49:02'),
(1987, 8, 100, 16, 'Wine La Vielle Ferme', '15583.13', 61, '2023-07-28 19:49:02', '2023-07-28 19:49:02'),
(1988, 6, 7, 6, 'Okra', '44668.60', 13, '2023-07-28 19:49:02', '2023-07-28 19:49:02'),
(1989, 1, 55, 5, 'Crab - Claws, Snow 1', '91406.30', 9, '2023-07-28 19:49:02', '2023-07-28 19:49:02'),
(1990, 9, 32, 3, 'Plums - Red', '99297.23', 84, '2023-07-28 19:49:02', '2023-07-28 19:49:02'),
(1991, 3, 63, 15, 'Bread - Raisin Walnu', '80270.28', 75, '2023-07-28 19:49:02', '2023-07-28 19:49:02'),
(1992, 9, 74, 10, 'Onions - Vidalia', '78886.78', 18, '2023-07-28 19:49:02', '2023-07-28 19:49:02'),
(1993, 7, 95, 15, 'Basil - Dry, Rubbed', '72118.40', 59, '2023-07-28 19:49:02', '2023-07-28 19:49:02'),
(1994, 3, 46, 4, 'Table Cloth 144x90 W', '91764.39', 69, '2023-07-28 19:49:02', '2023-07-28 19:49:02'),
(1995, 4, 82, 4, 'Shrimp - Black Tiger', '71886.58', 1, '2023-07-28 19:49:02', '2023-07-28 19:49:02'),
(1996, 10, 50, 6, 'Ice Cream Bar - Rolo', '72097.48', 32, '2023-07-28 19:49:02', '2023-07-28 19:49:02'),
(1997, 10, 73, 1, 'Extract - Almond', '23477.42', 63, '2023-07-28 19:49:02', '2023-07-28 19:49:02');



INSERT INTO `products` (`id`, `branch_office_id`, `provider_id`, `category_id`, `name`, `price`, `stock`, `createdAt`, `updatedAt`) VALUES
(1998, 7, 3, 11, 'Halibut - Fletches', '46058.74', 84, '2023-07-28 19:49:02', '2023-07-28 19:49:02'),
(1999, 7, 15, 9, 'Chocolate - Feathers', '57780.29', 72, '2023-07-28 19:49:02', '2023-07-28 19:49:02'),
(2000, 6, 97, 13, 'Water - Evian 355 Ml', '33375.48', 56, '2023-07-28 19:49:02', '2023-07-28 19:49:02'),
(2001, 5, 61, 6, 'Beer - Sleemans Hone', '34774.60', 7, '2023-07-28 19:49:02', '2023-07-28 19:49:02');



INSERT INTO `providers` (`id`, `rut`, `name`, `address`, `cellphone`, `url_web`, `createdAt`, `updatedAt`) VALUES
(1, '2998723644', 'Walker Morris', '14 Bayview Avenue, Newkirk, Indiana, 516', '+1(964) 428-2772', NULL, '2023-07-28 19:22:33', '2023-07-28 19:22:33'),
(2, '2906571678', 'Benita Barker', '1 Duffield Street, Hebron, West Virginia, 285', '+1(889) 596-3187', NULL, '2023-07-28 19:22:33', '2023-07-28 19:22:33'),
(3, '3966707045', 'Dickerson Dillon', '30 Just Court, Wright, Georgia, 6938', '+1(946) 429-3861', NULL, '2023-07-28 19:22:33', '2023-07-28 19:22:33'),
(4, '7728867601', 'Lee Sweeney', '60 Terrace Place, Hackneyville, New York, 5493', '+1(874) 420-2571', NULL, '2023-07-28 19:22:33', '2023-07-28 19:22:33'),
(5, '5546405160', 'Kimberley Herring', '14 Abbey Court, Kersey, Idaho, 5638', '+1(820) 452-2698', NULL, '2023-07-28 19:22:33', '2023-07-28 19:22:33'),
(6, '9371973221', 'Berger Gilbert', '12 Vandam Street, Aurora, Wyoming, 3501', '+1(982) 594-2459', NULL, '2023-07-28 19:22:33', '2023-07-28 19:22:33'),
(7, '2659691018', 'Juliette Rosa', '100 Ditmars Street, Epworth, Utah, 5216', '+1(872) 559-3761', NULL, '2023-07-28 19:22:33', '2023-07-28 19:22:33'),
(8, '9549157463', 'Salas Whitfield', '27 Exeter Street, Corriganville, Michigan, 7550', '+1(873) 428-2440', NULL, '2023-07-28 19:22:33', '2023-07-28 19:22:33'),
(9, '5440527875', 'Hughes Watts', '60 Ross Street, Murillo, New Mexico, 7839', '+1(880) 422-3696', NULL, '2023-07-28 19:22:33', '2023-07-28 19:22:33'),
(10, '2270635998', 'Lucile Snyder', '67 Clark Street, Loma, Puerto Rico, 3289', '+1(807) 417-2464', NULL, '2023-07-28 19:22:33', '2023-07-28 19:22:33'),
(11, '6526350427', 'April Key', '49 Rewe Street, Coalmont, Tennessee, 2583', '+1(872) 575-2265', NULL, '2023-07-28 19:22:33', '2023-07-28 19:22:33'),
(12, '4736965562', 'Lorie Sloan', '22 Hawthorne Street, Wawona, Iowa, 6079', '+1(952) 584-2010', NULL, '2023-07-28 19:22:33', '2023-07-28 19:22:33'),
(13, '1681596938', 'Brennan Manning', '37 Meserole Street, Williamson, Guam, 9672', '+1(957) 419-2124', NULL, '2023-07-28 19:22:33', '2023-07-28 19:22:33'),
(14, '7639817993', 'Madden Potts', '69 Cambridge Place, Springville, Mississippi, 8967', '+1(862) 542-2051', NULL, '2023-07-28 19:22:33', '2023-07-28 19:22:33'),
(15, '5454941058', 'Carlson Larson', '60 Jackson Court, Blackgum, Illinois, 2698', '+1(987) 494-3134', NULL, '2023-07-28 19:22:33', '2023-07-28 19:22:33'),
(16, '1236622288', 'Annie Ramos', '33 Ebony Court, Norvelt, Northern Mariana Islands, 1095', '+1(806) 561-2917', NULL, '2023-07-28 19:22:33', '2023-07-28 19:22:33'),
(17, '4196284803', 'Delores Cortez', '16 Village Road, Witmer, Hawaii, 2722', '+1(848) 416-2148', NULL, '2023-07-28 19:22:33', '2023-07-28 19:22:33'),
(18, '5363571121', 'Tonia Forbes', '57 Hunterfly Place, Germanton, Oklahoma, 7470', '+1(982) 516-2825', NULL, '2023-07-28 19:22:33', '2023-07-28 19:22:33'),
(19, '3139059161', 'Hubbard Guthrie', '28 Hart Place, Gratton, Florida, 2175', '+1(804) 491-2249', NULL, '2023-07-28 19:22:33', '2023-07-28 19:22:33'),
(20, '9172051993', 'Dale Langley', '16 Moore Street, Stockwell, Ohio, 5539', '+1(865) 463-3635', NULL, '2023-07-28 19:22:33', '2023-07-28 19:22:33'),
(21, '4860320074', 'Kent Holland', '43 Hutchinson Court, Laurelton, New Hampshire, 6811', '+1(962) 459-2211', NULL, '2023-07-28 19:22:33', '2023-07-28 19:22:33'),
(22, '1411405146', 'Lyons Miranda', '80 Elizabeth Place, Riegelwood, Palau, 9112', '+1(920) 489-3397', NULL, '2023-07-28 19:22:33', '2023-07-28 19:22:33'),
(23, '9726424496', 'Cecile Gordon', '100 Provost Street, Sheatown, District Of Columbia, 9964', '+1(966) 472-3786', NULL, '2023-07-28 19:22:33', '2023-07-28 19:22:33'),
(24, '8000472132', 'Melinda Bird', '18 Roder Avenue, Gilgo, Virginia, 9481', '+1(989) 482-2439', NULL, '2023-07-28 19:22:33', '2023-07-28 19:22:33'),
(25, '3230170566', 'Wood Roth', '36 Debevoise Street, Hachita, Missouri, 301', '+1(866) 546-2197', NULL, '2023-07-28 19:22:33', '2023-07-28 19:22:33'),
(26, '7027622484', 'Sonya Wiley', '50 Borinquen Pl, Bowmansville, Maine, 5331', '+1(898) 510-2276', NULL, '2023-07-28 19:22:33', '2023-07-28 19:22:33'),
(27, '6441675480', 'Milagros Adkins', '62 Doone Court, Fairlee, Arizona, 7147', '+1(846) 480-2427', NULL, '2023-07-28 19:22:33', '2023-07-28 19:22:33'),
(28, '1552728969', 'Jerri Travis', '50 Freeman Street, Malott, North Dakota, 7518', '+1(966) 404-3534', NULL, '2023-07-28 19:22:33', '2023-07-28 19:22:33'),
(29, '1864900508', 'Santos Dennis', '33 Highland Place, Marienthal, Alaska, 8597', '+1(965) 492-3619', NULL, '2023-07-28 19:22:33', '2023-07-28 19:22:33'),
(30, '7795731413', 'Doyle Stevens', '27 Dover Street, Eagleville, American Samoa, 3684', '+1(886) 578-2818', NULL, '2023-07-28 19:22:33', '2023-07-28 19:22:33'),
(31, '5989998664', 'Sweeney Fowler', '98 Monroe Street, Castleton, Vermont, 1712', '+1(850) 457-3012', NULL, '2023-07-28 19:22:33', '2023-07-28 19:22:33'),
(32, '6650731733', 'Peterson Sawyer', '11 Sands Street, Boyd, Arkansas, 861', '+1(914) 402-2755', NULL, '2023-07-28 19:22:33', '2023-07-28 19:22:33'),
(33, '3622799119', 'Gill Miles', '4 Church Avenue, Robbins, Rhode Island, 4303', '+1(803) 484-3130', NULL, '2023-07-28 19:22:33', '2023-07-28 19:22:33'),
(34, '5957435834', 'Delacruz Alexander', '54 Quentin Street, Cuylerville, Connecticut, 7495', '+1(944) 421-3463', NULL, '2023-07-28 19:22:33', '2023-07-28 19:22:33'),
(35, '3948739493', 'Lucia Daniel', '42 Lawn Court, Carrsville, Colorado, 7740', '+1(965) 543-2067', NULL, '2023-07-28 19:22:33', '2023-07-28 19:22:33'),
(36, '4244149710', 'Moran Curtis', '61 Homecrest Avenue, Ola, Maryland, 3851', '+1(998) 435-4000', NULL, '2023-07-28 19:22:33', '2023-07-28 19:22:33'),
(37, '722632723', 'Horton Gonzalez', '29 Prospect Place, Camptown, Alabama, 3836', '+1(852) 438-3861', NULL, '2023-07-28 19:22:33', '2023-07-28 19:22:33'),
(38, '5935904129', 'Reid Johnston', '67 Dahlgreen Place, Fedora, Nevada, 7739', '+1(818) 430-3125', NULL, '2023-07-28 19:22:33', '2023-07-28 19:22:33'),
(39, '5023538062', 'Sharp Schultz', '19 Cypress Avenue, Gloucester, Delaware, 2978', '+1(943) 410-3322', NULL, '2023-07-28 19:22:33', '2023-07-28 19:22:33'),
(40, '8703554245', 'Celeste Shaffer', '83 Bushwick Court, Dexter, Washington, 8534', '+1(846) 568-2189', NULL, '2023-07-28 19:22:33', '2023-07-28 19:22:33'),
(41, '1880786645', 'Raquel Mosley', '80 Regent Place, Ernstville, Oregon, 9952', '+1(900) 410-2297', NULL, '2023-07-28 19:22:33', '2023-07-28 19:22:33'),
(42, '7381697407', 'Ford Avery', '44 Kosciusko Street, Dyckesville, Kentucky, 6562', '+1(850) 475-2613', NULL, '2023-07-28 19:22:33', '2023-07-28 19:22:33'),
(43, '1754886200', 'Amelia Pugh', '17 Pineapple Street, Sharon, Montana, 7032', '+1(904) 538-3397', NULL, '2023-07-28 19:22:33', '2023-07-28 19:22:33'),
(44, '5405197780', 'Torres Walters', '47 Cadman Plaza, Jamestown, California, 1210', '+1(866) 505-2732', NULL, '2023-07-28 19:22:33', '2023-07-28 19:22:33'),
(45, '1876412532', 'Holt Osborne', '6 Congress Street, Magnolia, Federated States Of Micronesia, 6708', '+1(835) 415-3007', NULL, '2023-07-28 19:22:33', '2023-07-28 19:22:33'),
(46, '5247235384', 'Taylor Acevedo', '27 Brown Street, Idamay, North Carolina, 7015', '+1(926) 581-3363', NULL, '2023-07-28 19:22:33', '2023-07-28 19:22:33'),
(47, '5333206363', 'Kris Barnett', '37 Hunts Lane, Winston, South Carolina, 4459', '+1(864) 598-3499', NULL, '2023-07-28 19:22:33', '2023-07-28 19:22:33'),
(48, '8674618736', 'Jody Freeman', '14 Madeline Court, Corinne, Pennsylvania, 5611', '+1(976) 503-3576', NULL, '2023-07-28 19:22:33', '2023-07-28 19:22:33'),
(49, '8108077654', 'Carver Golden', '22 Kossuth Place, Woodlake, New Jersey, 6041', '+1(901) 452-3258', NULL, '2023-07-28 19:22:33', '2023-07-28 19:22:33'),
(50, '5957340350', 'Pierce Hatfield', '26 Hope Street, Dalton, South Dakota, 9294', '+1(994) 508-2296', NULL, '2023-07-28 19:22:33', '2023-07-28 19:22:33'),
(51, '1428470067', 'Rosales Ramirez', '55 Dekalb Avenue, Dunlo, Nebraska, 7030', '+1(957) 497-3724', NULL, '2023-07-28 19:22:33', '2023-07-28 19:22:33'),
(52, '9815556237', 'Rosalyn Arnold', '43 Bath Avenue, Dennard, Virgin Islands, 6179', '+1(824) 468-2737', NULL, '2023-07-28 19:22:33', '2023-07-28 19:22:33'),
(53, '2447904605', 'Henrietta Mathews', '25 Bay Parkway, Centerville, Kansas, 3330', '+1(995) 497-3367', NULL, '2023-07-28 19:22:33', '2023-07-28 19:22:33'),
(54, '4049880145', 'Jennifer Fry', '28 Varanda Place, Turah, Minnesota, 2209', '+1(800) 502-3838', NULL, '2023-07-28 19:22:33', '2023-07-28 19:22:33'),
(55, '4236683869', 'Shirley Herman', '78 Garden Street, Greer, Marshall Islands, 4232', '+1(830) 545-2098', NULL, '2023-07-28 19:22:33', '2023-07-28 19:22:33'),
(56, '9189774240', 'Whitney Elliott', '15 Bristol Street, Como, Texas, 1753', '+1(925) 455-3985', NULL, '2023-07-28 19:22:33', '2023-07-28 19:22:33'),
(57, '6768845421', 'Stephenson Faulkner', '65 Cornelia Street, Bascom, Louisiana, 6068', '+1(969) 485-2026', NULL, '2023-07-28 19:22:33', '2023-07-28 19:22:33'),
(58, '1890255659', 'Tameka Reed', '30 Johnson Avenue, Kent, Massachusetts, 1799', '+1(828) 425-3437', NULL, '2023-07-28 19:22:33', '2023-07-28 19:22:33'),
(59, '2586948672', 'Tammy Chen', '2 Berry Street, Gibsonia, Indiana, 5385', '+1(858) 542-3246', NULL, '2023-07-28 19:22:33', '2023-07-28 19:22:33'),
(60, '5377804800', 'Effie England', '2 Plaza Street, Avalon, West Virginia, 5440', '+1(929) 560-2993', NULL, '2023-07-28 19:22:33', '2023-07-28 19:22:33'),
(61, '9326291521', 'Tricia Love', '74 Dunham Place, Williams, Georgia, 5881', '+1(871) 575-2485', NULL, '2023-07-28 19:22:33', '2023-07-28 19:22:33'),
(62, '9392608483', 'Ramirez Atkinson', '37 Pitkin Avenue, Onton, New York, 9050', '+1(811) 439-3320', NULL, '2023-07-28 19:22:33', '2023-07-28 19:22:33'),
(63, '3682406875', 'Ericka Santana', '9 Cox Place, Robinette, Idaho, 2605', '+1(937) 567-2660', NULL, '2023-07-28 19:22:33', '2023-07-28 19:22:33'),
(64, '8498043802', 'Summer Salazar', '76 Tennis Court, Leroy, Wyoming, 5126', '+1(947) 582-3167', NULL, '2023-07-28 19:22:33', '2023-07-28 19:22:33'),
(65, '7313125567', 'Finley Turner', '63 Cropsey Avenue, Englevale, Utah, 793', '+1(828) 464-3200', NULL, '2023-07-28 19:22:33', '2023-07-28 19:22:33'),
(66, '1116791773', 'Janell Mullins', '2 Thames Street, Summertown, Michigan, 2313', '+1(954) 468-3971', NULL, '2023-07-28 19:22:33', '2023-07-28 19:22:33'),
(67, '8195170737', 'Jennie Robles', '44 Bergen Court, Bennett, New Mexico, 8112', '+1(988) 589-3553', NULL, '2023-07-28 19:22:33', '2023-07-28 19:22:33'),
(68, '3680069937', 'Shepherd Sims', '56 Otsego Street, Ronco, Puerto Rico, 8907', '+1(862) 551-2215', NULL, '2023-07-28 19:22:33', '2023-07-28 19:22:33'),
(69, '2001896993', 'Bailey Figueroa', '64 Friel Place, Lynn, Tennessee, 9383', '+1(807) 569-3798', NULL, '2023-07-28 19:22:33', '2023-07-28 19:22:33'),
(70, '1298190431', 'Erna Lang', '53 Kaufman Place, Siglerville, Iowa, 2473', '+1(918) 594-3281', NULL, '2023-07-28 19:22:33', '2023-07-28 19:22:33'),
(71, '8595183588', 'Elsa Washington', '93 Voorhies Avenue, Kylertown, Guam, 9532', '+1(885) 589-3111', NULL, '2023-07-28 19:22:33', '2023-07-28 19:22:33'),
(72, '9882513895', 'Jackson Mcpherson', '54 Holt Court, Brownlee, Mississippi, 2510', '+1(939) 421-2943', NULL, '2023-07-28 19:22:33', '2023-07-28 19:22:33'),
(73, '6172159891', 'Estella Beard', '13 Wyckoff Street, Crisman, Illinois, 4876', '+1(839) 457-2964', NULL, '2023-07-28 19:22:33', '2023-07-28 19:22:33'),
(74, '3544536127', 'Leslie Buckley', '41 Georgia Avenue, Gibbsville, Northern Mariana Islands, 5593', '+1(819) 413-3268', NULL, '2023-07-28 19:22:33', '2023-07-28 19:22:33'),
(75, '4747673027', 'Russell Mathis', '5 Schenectady Avenue, Bawcomville, Hawaii, 2026', '+1(969) 463-3588', NULL, '2023-07-28 19:22:33', '2023-07-28 19:22:33'),
(76, '4579148213', 'Walsh Jensen', '87 Richmond Street, Aberdeen, Oklahoma, 2516', '+1(837) 403-2658', NULL, '2023-07-28 19:22:33', '2023-07-28 19:22:33'),
(77, '2507920340', 'Mari Kane', '28 Newton Street, Cavalero, Florida, 7411', '+1(855) 504-3954', NULL, '2023-07-28 19:22:33', '2023-07-28 19:22:33'),
(78, '8548993637', 'Maribel Farmer', '30 Havens Place, Hillsboro, Ohio, 1231', '+1(924) 547-2686', NULL, '2023-07-28 19:22:33', '2023-07-28 19:22:33'),
(79, '3034731903', 'Keri Nolan', '80 Perry Terrace, Bakersville, New Hampshire, 4470', '+1(912) 421-2156', NULL, '2023-07-28 19:22:33', '2023-07-28 19:22:33'),
(80, '4023197189', 'Hayes Day', '15 Gerry Street, Hardyville, Palau, 8744', '+1(884) 529-3675', NULL, '2023-07-28 19:22:33', '2023-07-28 19:22:33'),
(81, '4214348914', 'Leola Lowe', '14 Middleton Street, Vallonia, District Of Columbia, 6374', '+1(835) 513-2591', NULL, '2023-07-28 19:22:33', '2023-07-28 19:22:33'),
(82, '1857303011', 'Everett Hall', '42 Woodruff Avenue, Farmers, Virginia, 7983', '+1(998) 481-3937', NULL, '2023-07-28 19:22:33', '2023-07-28 19:22:33'),
(83, '9372965689', 'Aimee Wagner', '98 Tiffany Place, Dola, Missouri, 6916', '+1(869) 475-2597', NULL, '2023-07-28 19:22:33', '2023-07-28 19:22:33'),
(84, '5015123693', 'Glenda Stuart', '77 Billings Place, Cleary, Maine, 5292', '+1(984) 494-3294', NULL, '2023-07-28 19:22:33', '2023-07-28 19:22:33'),
(85, '9002932585', 'Susan Calhoun', '61 Remsen Street, Coleville, Arizona, 3689', '+1(812) 520-3682', NULL, '2023-07-28 19:22:33', '2023-07-28 19:22:33'),
(86, '4901057720', 'Armstrong David', '42 Durland Place, Courtland, North Dakota, 527', '+1(972) 486-3035', NULL, '2023-07-28 19:22:33', '2023-07-28 19:22:33'),
(87, '9574117805', 'Haley Flowers', '11 Carlton Avenue, Allison, Alaska, 1833', '+1(925) 497-3900', NULL, '2023-07-28 19:22:33', '2023-07-28 19:22:33'),
(88, '5944016058', 'Bethany Bishop', '37 Harway Avenue, Nettie, American Samoa, 4034', '+1(835) 459-2723', NULL, '2023-07-28 19:22:33', '2023-07-28 19:22:33'),
(89, '1706843658', 'Wheeler Reid', '11 Bushwick Avenue, Santel, Vermont, 8319', '+1(880) 480-3700', NULL, '2023-07-28 19:22:33', '2023-07-28 19:22:33'),
(90, '3969780032', 'Porter Foster', '49 Suydam Street, Enoree, Arkansas, 8027', '+1(946) 537-2665', NULL, '2023-07-28 19:22:33', '2023-07-28 19:22:33'),
(91, '8857677099', 'Katie Byers', '17 Lloyd Street, Kidder, Rhode Island, 2843', '+1(898) 509-3389', NULL, '2023-07-28 19:22:33', '2023-07-28 19:22:33'),
(92, '4497249467', 'Rollins Justice', '57 Amity Street, Austinburg, Connecticut, 7772', '+1(882) 581-3769', NULL, '2023-07-28 19:22:33', '2023-07-28 19:22:33'),
(93, '2381102113', 'Katina Daugherty', '96 Royce Place, Trinway, Colorado, 9254', '+1(976) 460-2921', NULL, '2023-07-28 19:22:33', '2023-07-28 19:22:33'),
(94, '8748783848', 'Priscilla Watkins', '98 Debevoise Avenue, Guilford, Maryland, 9456', '+1(959) 441-2896', NULL, '2023-07-28 19:22:33', '2023-07-28 19:22:33'),
(95, '6817853343', 'Myrtle Hewitt', '61 Montauk Avenue, Fillmore, Alabama, 7994', '+1(986) 457-3444', NULL, '2023-07-28 19:22:33', '2023-07-28 19:22:33'),
(96, '5305849464', 'Mcgee Cobb', '24 Forbell Street, Cowiche, Nevada, 8938', '+1(935) 426-2779', NULL, '2023-07-28 19:22:33', '2023-07-28 19:22:33'),
(97, '8958744592', 'Mclean Lamb', '47 McKibben Street, Sandston, Delaware, 5611', '+1(950) 517-2351', NULL, '2023-07-28 19:22:33', '2023-07-28 19:22:33'),
(98, '7345900559', 'Orr Rodriguez', '79 Bergen Street, Knowlton, Washington, 138', '+1(910) 404-3892', NULL, '2023-07-28 19:22:33', '2023-07-28 19:22:33'),
(99, '6973467201', 'Rena Valenzuela', '1 Malbone Street, Washington, Oregon, 2498', '+1(991) 524-3318', NULL, '2023-07-28 19:22:33', '2023-07-28 19:22:33'),
(100, '2313492360', 'Kara Montoya', '94 Sheffield Avenue, Lydia, Kentucky, 7496', '+1(951) 407-3018', NULL, '2023-07-28 19:22:33', '2023-07-28 19:22:33');


INSERT INTO `sellers` (`id`, `rut`, `name`, `lastname`, `address`, `cellphone`, `birthday`, `email`, `createdAt`, `updatedAt`) VALUES
(1, '12345678-9', 'John', 'Doe', '123 Main Street', '555-1234', '1990-05-20', 'john.doe@e', '2023-07-28 17:37:40', '2023-07-28 17:37:40'),
(2, '98765432-1', 'Jane', 'Smith', '456 Oak Avenue', '555-5678', '1985-12-10', 'jane.smith', '2023-07-28 17:46:24', '2023-07-28 17:46:24'),
(3, '54321678-0', 'Michael', 'Johnson', '789 Elm Street', '555-9876', '1982-08-15', 'michael.jo', '2023-07-28 17:46:47', '2023-07-28 17:46:47'),
(4, '90817263-4', 'Emily', 'Williams', '987 Maple Avenue', '555-2345', '1992-02-28', 'emily.will', '2023-07-28 17:46:56', '2023-07-28 17:46:56'),
(5, '65437892-5', 'David', 'Brown', '345 Cedar Road', '555-7890', '1988-11-05', 'david.brow', '2023-07-28 17:47:02', '2023-07-28 17:47:02'),
(6, '19283746-3', 'Sarah', 'Taylor', '567 Pine Street', '555-3456', '1995-07-25', 'sarah.tayl', '2023-07-28 17:47:08', '2023-07-28 17:47:08'),
(7, '73649582-2', 'Christopher', 'Anderson', '876 Birch Avenue', '555-5678', '1987-04-18', 'christophe', '2023-07-28 17:47:14', '2023-07-28 17:47:14'),
(8, '28374659-1', 'Jessica', 'Miller', '654 Oak Street', '555-2345', '1994-09-30', 'jessica.mi', '2023-07-28 17:47:20', '2023-07-28 17:47:20'),
(9, '46573928-0', 'Matthew', 'Davis', '123 Elm Road', '555-7890', '1983-06-22', 'matthew.da', '2023-07-28 17:47:26', '2023-07-28 17:47:26'),
(10, '91827364-8', 'Amanda', 'Wilson', '987 Maple Street', '555-5432', '1991-01-12', 'amanda.wil', '2023-07-28 17:47:32', '2023-07-28 17:47:32'),
(11, '62738495-7', 'Andrew', 'Taylor', '876 Oak Avenue', '555-1234', '1986-10-05', 'andrew.tay', '2023-07-28 17:47:39', '2023-07-28 17:47:39'),
(14, '83746592-0', 'Daniel', 'Clark', '654 Pine Avenue', '555-9876', '1989-03-08', 'daniel.cla', '2023-07-28 17:48:21', '2023-07-28 17:48:21'),
(16, '34567890-1', 'James', 'Miller', '222 Birch Lane', '555-7890', '1994-02-05', 'james.mill', '2023-07-28 17:50:13', '2023-07-28 17:50:13'),
(17, '10987654-3', 'Olivia', 'Jones', '303 Pine Drive', '555-6789', '1999-04-30', 'olivia.jon', '2023-07-28 17:51:00', '2023-07-28 17:51:00'),
(19, '76543210-5', 'Sophia', 'Davis', '505 Oak Road', '555-8765', '1994-08-08', 'sophia.dav', '2023-07-28 17:51:13', '2023-07-28 17:51:13'),
(20, '21098765-4', 'Logan', 'Wilson', '606 Maple Avenue', '555-5678', '1993-02-28', 'logan.wils', '2023-07-28 17:51:23', '2023-07-28 17:51:23');

